source_batch,task,embodiment,seed,interface,outcome,failure_reason,simulation_time_s,agent_active_wall_s,tool_wall_s,end_to_end_wall_s,native_input_tokens,native_output_tokens,native_total_tokens,decision_cycles,control_calls,measurement_valid,token_accounting_valid,native_usage_audit_valid,paired_state_and_model_valid,initial_state_hash,resolved_scene_hash
luna_20260928,A,wuji,0,DIRECT_AGENT,FAILURE,GOAL_NOT_REACHED_WITHIN_BUDGET,2.999999999999869,79.88114489999134,0.23328960000071675,80.11443449999206,73165,3699,76864,7,6,True,True,True,True,aee2dd107f30be32b6539d908aafd5f0de539b7244c56a6c888ce259e7ea00c6,5c2e1fe302ebaa93a6860ef4dfaf30907fdc5e3a77a427ffc32048b42787f2ba
luna_20260928,A,wuji,0,SKILL_AGENT,SUCCESS,,0.29600000000000026,10.365707400022075,0.026639499934390187,10.392346899956465,17796,206,18002,3,2,True,True,True,True,aee2dd107f30be32b6539d908aafd5f0de539b7244c56a6c888ce259e7ea00c6,5c2e1fe302ebaa93a6860ef4dfaf30907fdc5e3a77a427ffc32048b42787f2ba
luna_20260928,A,wuji,1,DIRECT_AGENT,SUCCESS,,1.2200000000000009,49.942346900119446,0.0970038998639211,50.03935079998337,48874,2057,50931,6,3,True,True,True,True,143b2ec3a051853e55615ca07cce0b2364e88eea94f982bae718ba1795b16c64,5c2e1fe302ebaa93a6860ef4dfaf30907fdc5e3a77a427ffc32048b42787f2ba
luna_20260928,A,wuji,1,SKILL_AGENT,SUCCESS,,0.27800000000000025,10.13558020000346,0.07297720003407449,10.208557400037535,17819,185,18004,3,2,True,True,True,True,143b2ec3a051853e55615ca07cce0b2364e88eea94f982bae718ba1795b16c64,5c2e1fe302ebaa93a6860ef4dfaf30907fdc5e3a77a427ffc32048b42787f2ba
luna_20260928,A,wuji,2,DIRECT_AGENT,FAILURE,FORBIDDEN_CONTACT,1.0180000000000007,21.667040399974212,0.11411870003212243,21.781159100006334,19862,851,20713,3,2,True,True,True,True,9b2994b1f5982219457d31cad227bb6e784c714093b19d68a431d0e301bc1a43,5c2e1fe302ebaa93a6860ef4dfaf30907fdc5e3a77a427ffc32048b42787f2ba
luna_20260928,A,wuji,2,SKILL_AGENT,SUCCESS,,0.28400000000000025,6.043100900016725,0.022534299991093576,6.065635200007819,10507,93,10600,2,1,True,True,True,True,9b2994b1f5982219457d31cad227bb6e784c714093b19d68a431d0e301bc1a43,5c2e1fe302ebaa93a6860ef4dfaf30907fdc5e3a77a427ffc32048b42787f2ba
luna_20260928,A,wuji,3,DIRECT_AGENT,SUCCESS,,2.1319999999999646,46.497828900115564,0.10924989986233413,46.6070787999779,53039,1954,54993,6,5,True,True,True,True,130706822b0212cd77d2b6b1bb33a6211f0550d5e89ec32de3a807cb2e001e72,5c2e1fe302ebaa93a6860ef4dfaf30907fdc5e3a77a427ffc32048b42787f2ba
luna_20260928,A,wuji,3,SKILL_AGENT,SUCCESS,,0.29200000000000026,8.307688800035976,0.01929650001693517,8.326985300052911,10517,94,10611,2,1,True,True,True,True,130706822b0212cd77d2b6b1bb33a6211f0550d5e89ec32de3a807cb2e001e72,5c2e1fe302ebaa93a6860ef4dfaf30907fdc5e3a77a427ffc32048b42787f2ba
luna_20260928,A,wuji,4,DIRECT_AGENT,FAILURE,GOAL_NOT_REACHED_WITHIN_BUDGET,2.999999999999869,55.04985019995365,0.15001089998986572,55.19986109994352,55004,2386,57390,6,5,True,True,True,True,a64bdee7f79b416257286c3fc3bee57b27cea8b0df0d99d7a39187f5be3233d0,5c2e1fe302ebaa93a6860ef4dfaf30907fdc5e3a77a427ffc32048b42787f2ba
luna_20260928,A,wuji,4,SKILL_AGENT,SUCCESS,,0.29400000000000026,16.165327199851163,0.01818120013922453,16.183508399990387,45569,415,45984,6,4,True,True,True,True,a64bdee7f79b416257286c3fc3bee57b27cea8b0df0d99d7a39187f5be3233d0,5c2e1fe302ebaa93a6860ef4dfaf30907fdc5e3a77a427ffc32048b42787f2ba
luna_20260928,A,wuji,5,DIRECT_AGENT,SUCCESS,,0.7600000000000006,26.49410660006106,0.03651529992930591,26.530621899990365,27408,948,28356,4,2,True,True,True,True,fa1f9b7af6c59c5b06d1614ea867f88b203cf4fb26d0e1910888007946cc9a4b,5c2e1fe302ebaa93a6860ef4dfaf30907fdc5e3a77a427ffc32048b42787f2ba
luna_20260928,A,wuji,5,SKILL_AGENT,SUCCESS,,0.28200000000000025,14.62310460000299,0.015090500004589558,14.638195100007579,34355,402,34757,5,3,True,True,True,True,fa1f9b7af6c59c5b06d1614ea867f88b203cf4fb26d0e1910888007946cc9a4b,5c2e1fe302ebaa93a6860ef4dfaf30907fdc5e3a77a427ffc32048b42787f2ba
luna_20260928,A,wuji,6,DIRECT_AGENT,FAILURE,FORBIDDEN_CONTACT,0.5300000000000004,42.36857759999111,0.03294089995324612,42.40151849994436,20807,2032,22839,3,2,True,True,True,True,57a39a52c94c7f48508034ba4153d947b8af88d38cfb2308fb39acca21ba02f8,5c2e1fe302ebaa93a6860ef4dfaf30907fdc5e3a77a427ffc32048b42787f2ba
luna_20260928,A,wuji,6,SKILL_AGENT,SUCCESS,,0.29000000000000026,9.603202000027522,0.015686500002630055,9.618888500030152,17968,272,18240,3,2,True,True,True,True,57a39a52c94c7f48508034ba4153d947b8af88d38cfb2308fb39acca21ba02f8,5c2e1fe302ebaa93a6860ef4dfaf30907fdc5e3a77a427ffc32048b42787f2ba
luna_20260928,A,wuji,7,DIRECT_AGENT,SUCCESS,,1.2060000000000008,48.78461910004262,0.06402719998732209,48.84864630002994,47582,2045,49627,6,3,True,True,True,True,1d24f52d2f7bba54cf4d40e4d5840839afc3f16aae1e00125d038e7b5aa7658e,5c2e1fe302ebaa93a6860ef4dfaf30907fdc5e3a77a427ffc32048b42787f2ba
luna_20260928,A,wuji,7,SKILL_AGENT,SUCCESS,,0.28400000000000025,9.85683599987533,0.015619500074535608,9.872455499949865,17834,214,18048,3,2,True,True,True,True,1d24f52d2f7bba54cf4d40e4d5840839afc3f16aae1e00125d038e7b5aa7658e,5c2e1fe302ebaa93a6860ef4dfaf30907fdc5e3a77a427ffc32048b42787f2ba
luna_20260928,A,wuji,8,DIRECT_AGENT,SUCCESS,,0.9280000000000006,20.612378200050443,0.042875199927948415,20.655253399978392,18533,779,19312,3,2,True,True,True,True,5c9b18c044e95029ad3015d79464cec6db9d5b9625dd323f15d309604f4bd135,5c2e1fe302ebaa93a6860ef4dfaf30907fdc5e3a77a427ffc32048b42787f2ba
luna_20260928,A,wuji,8,SKILL_AGENT,SUCCESS,,0.28000000000000025,7.499648600001819,0.013942799996584654,7.513591399998404,10590,175,10765,2,1,True,True,True,True,5c9b18c044e95029ad3015d79464cec6db9d5b9625dd323f15d309604f4bd135,5c2e1fe302ebaa93a6860ef4dfaf30907fdc5e3a77a427ffc32048b42787f2ba
luna_20260928,A,wuji,9,DIRECT_AGENT,FAILURE,FORBIDDEN_CONTACT,0.8260000000000005,32.43759869993664,0.0361587000079453,32.47375739994459,19981,1450,21431,3,2,True,True,True,True,f8ed28283d54b44cb183784e6c7e20fbad3d870ea67ed1595488f354f3630a10,5c2e1fe302ebaa93a6860ef4dfaf30907fdc5e3a77a427ffc32048b42787f2ba
luna_20260928,A,wuji,9,SKILL_AGENT,SUCCESS,,0.29600000000000026,5.6583096999675035,0.014710200019180775,5.673019899986684,10491,86,10577,2,1,True,True,True,True,f8ed28283d54b44cb183784e6c7e20fbad3d870ea67ed1595488f354f3630a10,5c2e1fe302ebaa93a6860ef4dfaf30907fdc5e3a77a427ffc32048b42787f2ba
luna_20260928,A,wuji,10,DIRECT_AGENT,FAILURE,FORBIDDEN_CONTACT,1.0240000000000007,18.622961800079793,0.048223699908703566,18.671185499988496,19102,769,19871,3,2,True,True,True,True,1b7da162b634eb3fda2b0b1a186dc299ff50947e61ac73f3061f7ecab6a1a1fd,5c2e1fe302ebaa93a6860ef4dfaf30907fdc5e3a77a427ffc32048b42787f2ba
luna_20260928,A,wuji,10,SKILL_AGENT,SUCCESS,,0.29400000000000026,20.09702839993406,0.01880459999665618,20.115832999930717,48345,608,48953,6,5,True,True,True,True,1b7da162b634eb3fda2b0b1a186dc299ff50947e61ac73f3061f7ecab6a1a1fd,5c2e1fe302ebaa93a6860ef4dfaf30907fdc5e3a77a427ffc32048b42787f2ba
luna_20260928,A,wuji,11,DIRECT_AGENT,FAILURE,GOAL_NOT_REACHED_WITHIN_BUDGET,2.999999999999869,57.3802398997359,0.16377980017568916,57.54401969991159,52325,2328,54653,6,5,True,True,True,True,f1b674b139895e62e2b61d1ad47408a8dc3c2ce365ae4747951a9ddfb4fa8a13,5c2e1fe302ebaa93a6860ef4dfaf30907fdc5e3a77a427ffc32048b42787f2ba
luna_20260928,A,wuji,11,SKILL_AGENT,SUCCESS,,0.28600000000000025,7.493049899931066,0.018233800074085593,7.511283700005151,10544,124,10668,2,1,True,True,True,True,f1b674b139895e62e2b61d1ad47408a8dc3c2ce365ae4747951a9ddfb4fa8a13,5c2e1fe302ebaa93a6860ef4dfaf30907fdc5e3a77a427ffc32048b42787f2ba
luna_20260928,A,wuji,12,DIRECT_AGENT,FAILURE,GOAL_NOT_REACHED_WITHIN_BUDGET,2.999999999999869,67.44291679991875,0.14767370012123138,67.59059050003998,55822,2971,58793,6,5,True,True,True,True,ab72d0ad68a3d4ff4b528c9dbfa5a261da14f663750f6c438175cd5c42891032,5c2e1fe302ebaa93a6860ef4dfaf30907fdc5e3a77a427ffc32048b42787f2ba
luna_20260928,A,wuji,12,SKILL_AGENT,SUCCESS,,0.27800000000000025,15.044226599857211,0.015363300102762878,15.059589899959974,36594,385,36979,5,4,True,True,True,True,ab72d0ad68a3d4ff4b528c9dbfa5a261da14f663750f6c438175cd5c42891032,5c2e1fe302ebaa93a6860ef4dfaf30907fdc5e3a77a427ffc32048b42787f2ba
luna_20260928,A,wuji,13,DIRECT_AGENT,SUCCESS,,2.8319999999998875,78.4052167001646,0.1808221999090165,78.58603890007362,87538,3495,91033,8,7,True,True,True,True,8502da17163ce6761bdc2c307661b321080f372dba627b0625f6269ae8db68dc,5c2e1fe302ebaa93a6860ef4dfaf30907fdc5e3a77a427ffc32048b42787f2ba
luna_20260928,A,wuji,13,SKILL_AGENT,SUCCESS,,0.28800000000000026,12.347029399941675,0.014495000010356307,12.361524399952032,26411,269,26680,4,3,True,True,True,True,8502da17163ce6761bdc2c307661b321080f372dba627b0625f6269ae8db68dc,5c2e1fe302ebaa93a6860ef4dfaf30907fdc5e3a77a427ffc32048b42787f2ba
luna_20260928,A,wuji,14,DIRECT_AGENT,FAILURE,GOAL_NOT_REACHED_WITHIN_BUDGET,2.999999999999869,67.8795998999849,0.19723659998271614,68.07683649996761,67456,2565,70021,7,6,True,True,True,True,2ae8ef0d4278f5b2df61441f10c82e6f3ac2f26a0004ce5ac37ffc60d7a71881,5c2e1fe302ebaa93a6860ef4dfaf30907fdc5e3a77a427ffc32048b42787f2ba
luna_20260928,A,wuji,14,SKILL_AGENT,SUCCESS,,0.29400000000000026,8.95620059990324,0.014508699998259544,8.9707092999015,17891,227,18118,3,2,True,True,True,True,2ae8ef0d4278f5b2df61441f10c82e6f3ac2f26a0004ce5ac37ffc60d7a71881,5c2e1fe302ebaa93a6860ef4dfaf30907fdc5e3a77a427ffc32048b42787f2ba
luna_20260928,A,wuji,15,DIRECT_AGENT,FAILURE,FORBIDDEN_CONTACT,0.8320000000000005,20.909683600184508,0.04347309982404113,20.95315670000855,20283,869,21152,3,2,True,True,True,True,6af175b57bca78b743757fff8cb54732328f8df9e30d9a61102d756f256226e0,5c2e1fe302ebaa93a6860ef4dfaf30907fdc5e3a77a427ffc32048b42787f2ba
luna_20260928,A,wuji,15,SKILL_AGENT,SUCCESS,,0.28000000000000025,12.132855600095354,0.013990600011311471,12.146846200106665,17766,177,17943,3,2,True,True,True,True,6af175b57bca78b743757fff8cb54732328f8df9e30d9a61102d756f256226e0,5c2e1fe302ebaa93a6860ef4dfaf30907fdc5e3a77a427ffc32048b42787f2ba
luna_20260928,A,wuji,16,DIRECT_AGENT,SUCCESS,,1.9519999999999842,44.49221719976049,0.08939530013594776,44.58161249989644,29152,1464,30616,4,3,True,True,True,True,f16e8fbf9975986dd7da3c5201800f87d80a1beee84bee3d21ee77e49e226ace,5c2e1fe302ebaa93a6860ef4dfaf30907fdc5e3a77a427ffc32048b42787f2ba
luna_20260928,A,wuji,16,SKILL_AGENT,SUCCESS,,0.28400000000000025,5.539678800036199,0.014673199970275164,5.5543520000064746,10493,83,10576,2,1,True,True,True,True,f16e8fbf9975986dd7da3c5201800f87d80a1beee84bee3d21ee77e49e226ace,5c2e1fe302ebaa93a6860ef4dfaf30907fdc5e3a77a427ffc32048b42787f2ba
luna_20260928,A,wuji,17,DIRECT_AGENT,FAILURE,FORBIDDEN_CONTACT,1.0160000000000007,22.371322499820963,0.04688670008908957,22.418209199910052,19804,928,20732,3,2,True,True,True,True,8739a3532e536e1fb3932ad0331538f873163163bf375ff0847cc11b5a0592de,5c2e1fe302ebaa93a6860ef4dfaf30907fdc5e3a77a427ffc32048b42787f2ba
luna_20260928,A,wuji,17,SKILL_AGENT,SUCCESS,,0.29800000000000015,6.851157500059344,0.018872899934649467,6.870030399993993,10565,147,10712,2,1,True,True,True,True,8739a3532e536e1fb3932ad0331538f873163163bf375ff0847cc11b5a0592de,5c2e1fe302ebaa93a6860ef4dfaf30907fdc5e3a77a427ffc32048b42787f2ba
luna_20260928,A,wuji,18,DIRECT_AGENT,FAILURE,FORBIDDEN_CONTACT,0.9320000000000006,23.64351490000263,0.04293929995037615,23.686454199953005,19081,958,20039,3,2,True,True,True,True,490a282409479112809a1f2f546e3ab6a3c0050f187f63c85825d306b14bcdf6,5c2e1fe302ebaa93a6860ef4dfaf30907fdc5e3a77a427ffc32048b42787f2ba
luna_20260928,A,wuji,18,SKILL_AGENT,SUCCESS,,0.28600000000000025,11.05928040004801,0.017129199928604066,11.076409599976614,17860,224,18084,3,2,True,True,True,True,490a282409479112809a1f2f546e3ab6a3c0050f187f63c85825d306b14bcdf6,5c2e1fe302ebaa93a6860ef4dfaf30907fdc5e3a77a427ffc32048b42787f2ba
luna_20260928,A,wuji,19,DIRECT_AGENT,SUCCESS,,1.408000000000001,31.292167700012214,0.11529810004867613,31.40746580006089,28856,1347,30203,4,3,True,True,True,True,e09ec9ebcfbab218cced32dbca7edecf8cb5c4aea0f68687fcc4895ea87f39df,5c2e1fe302ebaa93a6860ef4dfaf30907fdc5e3a77a427ffc32048b42787f2ba
luna_20260928,A,wuji,19,SKILL_AGENT,SUCCESS,,0.28000000000000025,10.370743699953891,0.015823200112208724,10.3865669000661,17845,227,18072,3,2,True,True,True,True,e09ec9ebcfbab218cced32dbca7edecf8cb5c4aea0f68687fcc4895ea87f39df,5c2e1fe302ebaa93a6860ef4dfaf30907fdc5e3a77a427ffc32048b42787f2ba
luna_20260928,A,wuji,20,DIRECT_AGENT,SUCCESS,,2.6119999999999117,64.65619710017927,0.16318829986266792,64.81938540004194,83252,2666,85918,8,6,True,True,True,True,97d5bcd6d02b824e0962a3a718a64019ec413f043296ff33bcdd532cc91196ba,5c2e1fe302ebaa93a6860ef4dfaf30907fdc5e3a77a427ffc32048b42787f2ba
luna_20260928,A,wuji,20,SKILL_AGENT,SUCCESS,,0.28200000000000025,14.229661099845544,0.017758000059984624,14.247419099905528,34216,299,34515,5,3,True,True,True,True,97d5bcd6d02b824e0962a3a718a64019ec413f043296ff33bcdd532cc91196ba,5c2e1fe302ebaa93a6860ef4dfaf30907fdc5e3a77a427ffc32048b42787f2ba
luna_20260928,A,wuji,21,DIRECT_AGENT,FAILURE,FORBIDDEN_CONTACT,1.7540000000000013,31.66149160009809,0.08197759988252074,31.74346919998061,28392,1364,29756,4,3,True,True,True,True,8b5e26c976893f1c941b9f27917d903d7dcf84bb1a3b9126b327f47bf8cd36ec,5c2e1fe302ebaa93a6860ef4dfaf30907fdc5e3a77a427ffc32048b42787f2ba
luna_20260928,A,wuji,21,SKILL_AGENT,SUCCESS,,0.29000000000000026,16.282376100076362,0.01855119992978871,16.30092730000615,36684,417,37101,5,4,True,True,True,True,8b5e26c976893f1c941b9f27917d903d7dcf84bb1a3b9126b327f47bf8cd36ec,5c2e1fe302ebaa93a6860ef4dfaf30907fdc5e3a77a427ffc32048b42787f2ba
luna_20260928,A,wuji,22,DIRECT_AGENT,FAILURE,FORBIDDEN_CONTACT,0.8240000000000005,30.747529599932022,0.037074899999424815,30.784604499931447,20241,1351,21592,3,2,True,True,True,True,59084c043929181d841f41e26d37cde9a99e0c63c8702504a1b0dcc891cd63c3,5c2e1fe302ebaa93a6860ef4dfaf30907fdc5e3a77a427ffc32048b42787f2ba
luna_20260928,A,wuji,22,SKILL_AGENT,SUCCESS,,0.28200000000000025,13.55583349999506,0.018750599934719503,13.57458409992978,26530,325,26855,4,3,True,True,True,True,59084c043929181d841f41e26d37cde9a99e0c63c8702504a1b0dcc891cd63c3,5c2e1fe302ebaa93a6860ef4dfaf30907fdc5e3a77a427ffc32048b42787f2ba
luna_20260928,A,wuji,23,DIRECT_AGENT,FAILURE,FORBIDDEN_CONTACT,0.5200000000000004,20.973392099956982,0.027360100066289306,21.00075220002327,19174,877,20051,3,2,True,True,True,True,0ceeffdc77d2e5b5b4b561a68bf016938d18b02c68f5da8e35aabcb25b078a7e,5c2e1fe302ebaa93a6860ef4dfaf30907fdc5e3a77a427ffc32048b42787f2ba
luna_20260928,A,wuji,23,SKILL_AGENT,SUCCESS,,0.28800000000000026,6.485172699904069,0.014453900046646595,6.499626599950716,10508,94,10602,2,1,True,True,True,True,0ceeffdc77d2e5b5b4b561a68bf016938d18b02c68f5da8e35aabcb25b078a7e,5c2e1fe302ebaa93a6860ef4dfaf30907fdc5e3a77a427ffc32048b42787f2ba
luna_20260928,A,wuji,24,DIRECT_AGENT,FAILURE,FORBIDDEN_CONTACT,0.8180000000000005,30.781261099968106,0.04276690003462136,30.824028000002727,19946,912,20858,3,2,True,True,True,True,258eca4716d674b270f2f08cc5b10018d12887287a9a7f241d11b1b3c5c3886a,5c2e1fe302ebaa93a6860ef4dfaf30907fdc5e3a77a427ffc32048b42787f2ba
luna_20260928,A,wuji,24,SKILL_AGENT,SUCCESS,,0.28800000000000026,18.948753000120632,0.02419009990990162,18.972943100030534,45759,513,46272,6,4,True,True,True,True,258eca4716d674b270f2f08cc5b10018d12887287a9a7f241d11b1b3c5c3886a,5c2e1fe302ebaa93a6860ef4dfaf30907fdc5e3a77a427ffc32048b42787f2ba
luna_20260928,A,wuji,25,DIRECT_AGENT,FAILURE,GOAL_NOT_REACHED_WITHIN_BUDGET,2.999999999999869,52.32113179995213,0.16258240002207458,52.4837141999742,28469,1957,30426,4,3,True,True,True,True,46995a958787ebb4120c1684a19c92816d5a1eb1ac5584f9ceac0c5c947c7468,5c2e1fe302ebaa93a6860ef4dfaf30907fdc5e3a77a427ffc32048b42787f2ba
luna_20260928,A,wuji,25,SKILL_AGENT,SUCCESS,,0.29200000000000026,25.726505200145766,0.0193390998756513,25.745844300021417,48491,728,49219,6,4,True,True,True,True,46995a958787ebb4120c1684a19c92816d5a1eb1ac5584f9ceac0c5c947c7468,5c2e1fe302ebaa93a6860ef4dfaf30907fdc5e3a77a427ffc32048b42787f2ba
luna_20260928,A,wuji,26,DIRECT_AGENT,FAILURE,FORBIDDEN_CONTACT,0.5740000000000004,22.276883699931204,0.04213720001280308,22.319020899944007,19246,909,20155,3,2,True,True,True,True,af1a16df1c57437a6ca5bf2beb5c740f421db2905025783adca8a0ce57a732ef,5c2e1fe302ebaa93a6860ef4dfaf30907fdc5e3a77a427ffc32048b42787f2ba
luna_20260928,A,wuji,26,SKILL_AGENT,SUCCESS,,0.29200000000000026,11.68203020002693,0.014325900003314018,11.696356100030243,17782,184,17966,3,2,True,True,True,True,af1a16df1c57437a6ca5bf2beb5c740f421db2905025783adca8a0ce57a732ef,5c2e1fe302ebaa93a6860ef4dfaf30907fdc5e3a77a427ffc32048b42787f2ba
luna_20260928,A,wuji,27,DIRECT_AGENT,FAILURE,FORBIDDEN_CONTACT,1.0200000000000007,21.915524000069126,0.05513729993253946,21.970661300001666,19749,833,20582,3,2,True,True,True,True,f284f6cdcfbfa304eef2189e81e507bce41b70d3fa8a6f5c85161fcf226298b6,5c2e1fe302ebaa93a6860ef4dfaf30907fdc5e3a77a427ffc32048b42787f2ba
luna_20260928,A,wuji,27,SKILL_AGENT,SUCCESS,,0.29600000000000026,9.84866180003155,0.01450489996932447,9.863166700000875,17803,194,17997,3,2,True,True,True,True,f284f6cdcfbfa304eef2189e81e507bce41b70d3fa8a6f5c85161fcf226298b6,5c2e1fe302ebaa93a6860ef4dfaf30907fdc5e3a77a427ffc32048b42787f2ba
luna_20260928,A,wuji,28,DIRECT_AGENT,SUCCESS,,1.5420000000000011,24.2888554999372,0.07868090004194528,24.367536399979144,29471,2169,31640,4,3,True,True,True,True,99d8e221872c78865e6645b1225380f9e4e5f3853690dc546ee0d773589a4db1,5c2e1fe302ebaa93a6860ef4dfaf30907fdc5e3a77a427ffc32048b42787f2ba
luna_20260928,A,wuji,28,SKILL_AGENT,SUCCESS,,0.28400000000000025,9.736600099946372,0.013768299948424101,9.750368399894796,17847,248,18095,3,2,True,True,True,True,99d8e221872c78865e6645b1225380f9e4e5f3853690dc546ee0d773589a4db1,5c2e1fe302ebaa93a6860ef4dfaf30907fdc5e3a77a427ffc32048b42787f2ba
luna_20260928,A,wuji,29,DIRECT_AGENT,FAILURE,FORBIDDEN_CONTACT,0.8220000000000005,18.79509880009573,0.047416199930012226,18.84251500002574,19002,737,19739,3,2,True,True,True,True,645564e1f1102f7170b7f98c475c2203fb90b0805c429329935df3151c7ba49a,5c2e1fe302ebaa93a6860ef4dfaf30907fdc5e3a77a427ffc32048b42787f2ba
luna_20260928,A,wuji,29,SKILL_AGENT,SUCCESS,,0.28200000000000025,5.274933599983342,0.018133800011128187,5.29306739999447,10505,89,10594,2,1,True,True,True,True,645564e1f1102f7170b7f98c475c2203fb90b0805c429329935df3151c7ba49a,5c2e1fe302ebaa93a6860ef4dfaf30907fdc5e3a77a427ffc32048b42787f2ba
luna_20260928,A,wuji,30,DIRECT_AGENT,FAILURE,FORBIDDEN_CONTACT,0.3440000000000002,30.463555899914354,0.02413120004348457,30.48768709995784,19683,1111,20794,3,2,True,True,True,True,0f3e46542523544a5d01e4c553df47f23702c9beb036345e0c1221f822d616b8,5c2e1fe302ebaa93a6860ef4dfaf30907fdc5e3a77a427ffc32048b42787f2ba
luna_20260928,A,wuji,30,SKILL_AGENT,SUCCESS,,0.28600000000000025,11.106010899995454,0.018692799960263073,11.124703699955717,17771,195,17966,3,2,True,True,True,True,0f3e46542523544a5d01e4c553df47f23702c9beb036345e0c1221f822d616b8,5c2e1fe302ebaa93a6860ef4dfaf30907fdc5e3a77a427ffc32048b42787f2ba
luna_20260928,A,wuji,31,DIRECT_AGENT,SUCCESS,,0.9740000000000006,35.367207800154574,0.06726509984582663,35.4344729000004,19952,1562,21514,3,2,True,True,True,True,55cbc79c0962cb912425eaf890a80b98dcffb9d7f1155c41bdc9d143065c2564,5c2e1fe302ebaa93a6860ef4dfaf30907fdc5e3a77a427ffc32048b42787f2ba
luna_20260928,A,wuji,31,SKILL_AGENT,SUCCESS,,0.30200000000000016,14.42647410009522,0.017430099891498685,14.443904199986719,26726,372,27098,4,3,True,True,True,True,55cbc79c0962cb912425eaf890a80b98dcffb9d7f1155c41bdc9d143065c2564,5c2e1fe302ebaa93a6860ef4dfaf30907fdc5e3a77a427ffc32048b42787f2ba
luna_20260928,A,wuji,32,DIRECT_AGENT,FAILURE,FORBIDDEN_CONTACT,1.0180000000000007,22.044983699917793,0.06060510012321174,22.105588800041005,20030,921,20951,3,2,True,True,True,True,5698a75827690d6c2fbb400dc201f95f98280d114c6e8583bb26cc984fe00e60,5c2e1fe302ebaa93a6860ef4dfaf30907fdc5e3a77a427ffc32048b42787f2ba
luna_20260928,A,wuji,32,SKILL_AGENT,SUCCESS,,0.28600000000000025,19.558735999977216,0.015235800063237548,19.573971800040454,34077,328,34405,5,3,True,True,True,True,5698a75827690d6c2fbb400dc201f95f98280d114c6e8583bb26cc984fe00e60,5c2e1fe302ebaa93a6860ef4dfaf30907fdc5e3a77a427ffc32048b42787f2ba
luna_20260928,A,wuji,33,DIRECT_AGENT,FAILURE,GOAL_NOT_REACHED_WITHIN_BUDGET,2.999999999999869,52.67264369991608,0.14574539999011904,52.8183890999062,40618,1956,42574,5,4,True,True,True,True,ea39b21b34ed63a1bbf4eca0373c1945dc64dcabab70ddb261562a19b77f6961,5c2e1fe302ebaa93a6860ef4dfaf30907fdc5e3a77a427ffc32048b42787f2ba
luna_20260928,A,wuji,33,SKILL_AGENT,SUCCESS,,0.28600000000000025,16.452617500093766,0.015941299847327173,16.468558799941093,47933,491,48424,6,5,True,True,True,True,ea39b21b34ed63a1bbf4eca0373c1945dc64dcabab70ddb261562a19b77f6961,5c2e1fe302ebaa93a6860ef4dfaf30907fdc5e3a77a427ffc32048b42787f2ba
luna_20260928,A,wuji,34,DIRECT_AGENT,SUCCESS,,0.9220000000000006,18.31635180010926,0.07891939987894148,18.3952711999882,18390,637,19027,3,2,True,True,True,True,8b4791f2e3b8e21c13d219b95361c5f00d7f367c38fd9d133d73aa6866b0dd92,5c2e1fe302ebaa93a6860ef4dfaf30907fdc5e3a77a427ffc32048b42787f2ba
luna_20260928,A,wuji,34,SKILL_AGENT,SUCCESS,,0.27800000000000025,14.281265500118025,0.015998699818737805,14.297264199936762,32853,326,33179,5,2,True,True,True,True,8b4791f2e3b8e21c13d219b95361c5f00d7f367c38fd9d133d73aa6866b0dd92,5c2e1fe302ebaa93a6860ef4dfaf30907fdc5e3a77a427ffc32048b42787f2ba
luna_20260928,A,wuji,35,DIRECT_AGENT,SUCCESS,,1.368000000000001,62.218102299957536,0.061460800003260374,62.2795630999608,44027,1584,45611,6,2,True,True,True,True,4fe378363028ea1cf277d8f187dc70da6f90ccf3c7cee79cc3a53f586f81413a,5c2e1fe302ebaa93a6860ef4dfaf30907fdc5e3a77a427ffc32048b42787f2ba
luna_20260928,A,wuji,35,SKILL_AGENT,SUCCESS,,0.29000000000000026,11.861213799798861,0.015716800116933882,11.876930599915795,26385,256,26641,4,3,True,True,True,True,4fe378363028ea1cf277d8f187dc70da6f90ccf3c7cee79cc3a53f586f81413a,5c2e1fe302ebaa93a6860ef4dfaf30907fdc5e3a77a427ffc32048b42787f2ba
luna_20260928,A,wuji,36,DIRECT_AGENT,FAILURE,FORBIDDEN_CONTACT,0.9140000000000006,37.319107799907215,0.04190010007005185,37.36100789997727,28411,1401,29812,4,3,True,True,True,True,0ed6d67c7b03a162730c5e915636f30bb3b37e66c05358839ffd0d3b64c9012d,5c2e1fe302ebaa93a6860ef4dfaf30907fdc5e3a77a427ffc32048b42787f2ba
luna_20260928,A,wuji,36,SKILL_AGENT,SUCCESS,,0.28800000000000026,17.338094499893486,0.018578500137664378,17.35667300003115,45445,399,45844,6,4,True,True,True,True,0ed6d67c7b03a162730c5e915636f30bb3b37e66c05358839ffd0d3b64c9012d,5c2e1fe302ebaa93a6860ef4dfaf30907fdc5e3a77a427ffc32048b42787f2ba
luna_20260928,A,wuji,37,DIRECT_AGENT,FAILURE,GOAL_NOT_REACHED_WITHIN_BUDGET,2.999999999999869,74.16889739991166,0.1500964000588283,74.31899379997049,70098,3031,73129,7,6,True,True,True,True,9dea25fb0e7d987ab68b1d577aad1192ef05ddda7123ab9a6c35390c244045dc,5c2e1fe302ebaa93a6860ef4dfaf30907fdc5e3a77a427ffc32048b42787f2ba
luna_20260928,A,wuji,37,SKILL_AGENT,SUCCESS,,0.28600000000000025,11.240818899939768,0.015515999984927475,11.256334899924695,17964,262,18226,3,2,True,True,True,True,9dea25fb0e7d987ab68b1d577aad1192ef05ddda7123ab9a6c35390c244045dc,5c2e1fe302ebaa93a6860ef4dfaf30907fdc5e3a77a427ffc32048b42787f2ba
luna_20260928,A,wuji,38,DIRECT_AGENT,FAILURE,GOAL_NOT_REACHED_WITHIN_BUDGET,2.999999999999869,56.030144100193866,0.13579549989663064,56.165939600090496,53573,2498,56071,6,5,True,True,True,True,48317b6af305387f6dea9df96a46289852109e3935f8d131c537d4ecb9b74e49,5c2e1fe302ebaa93a6860ef4dfaf30907fdc5e3a77a427ffc32048b42787f2ba
luna_20260928,A,wuji,38,SKILL_AGENT,SUCCESS,,0.29200000000000026,11.537530199973844,0.014731000061146915,11.552261200034991,17791,167,17958,3,2,True,True,True,True,48317b6af305387f6dea9df96a46289852109e3935f8d131c537d4ecb9b74e49,5c2e1fe302ebaa93a6860ef4dfaf30907fdc5e3a77a427ffc32048b42787f2ba
luna_20260928,A,wuji,39,DIRECT_AGENT,SUCCESS,,0.6600000000000005,44.898304200032726,0.048977899947203696,44.94728209997993,19937,1955,21892,3,2,True,True,True,True,330ba9e71664fc0b5e78810120fb84539967186d1a276ae92e66933e95ef55db,5c2e1fe302ebaa93a6860ef4dfaf30907fdc5e3a77a427ffc32048b42787f2ba
luna_20260928,A,wuji,39,SKILL_AGENT,SUCCESS,,0.28800000000000026,20.937001600046642,0.01636130001861602,20.953362900065258,45922,511,46433,6,4,True,True,True,True,330ba9e71664fc0b5e78810120fb84539967186d1a276ae92e66933e95ef55db,5c2e1fe302ebaa93a6860ef4dfaf30907fdc5e3a77a427ffc32048b42787f2ba
luna_20260928,A,wuji,40,DIRECT_AGENT,SUCCESS,,1.404000000000001,41.133647600072436,0.06385569996200502,41.19750330003444,29072,1503,30575,4,3,True,True,True,True,2affebc09fcbaf29d96048caaa1287e0791af70d1a2cb07b9cd37e3fea5acead,5c2e1fe302ebaa93a6860ef4dfaf30907fdc5e3a77a427ffc32048b42787f2ba
luna_20260928,A,wuji,40,SKILL_AGENT,SUCCESS,,0.29200000000000026,17.608449299936183,0.023262300062924623,17.631711599999107,45518,372,45890,6,4,True,True,True,True,2affebc09fcbaf29d96048caaa1287e0791af70d1a2cb07b9cd37e3fea5acead,5c2e1fe302ebaa93a6860ef4dfaf30907fdc5e3a77a427ffc32048b42787f2ba
luna_20260928,A,wuji,41,DIRECT_AGENT,SUCCESS,,1.6120000000000012,52.88753799989354,0.08148170006461442,52.96901969995815,30495,1989,32484,4,3,True,True,True,True,47959517cfce45e4825404e7e117e8434cdab75bb9b76156bf21d85ea20c75d9,5c2e1fe302ebaa93a6860ef4dfaf30907fdc5e3a77a427ffc32048b42787f2ba
luna_20260928,A,wuji,41,SKILL_AGENT,SUCCESS,,0.28400000000000025,29.94253890006803,0.02688179991673678,29.969420699984767,17793,177,17970,3,2,True,True,True,True,47959517cfce45e4825404e7e117e8434cdab75bb9b76156bf21d85ea20c75d9,5c2e1fe302ebaa93a6860ef4dfaf30907fdc5e3a77a427ffc32048b42787f2ba
luna_20260928,A,wuji,42,DIRECT_AGENT,SUCCESS,,1.9059999999999893,56.01436999998987,0.08336799999233335,56.0977379999822,30107,1949,32056,4,3,True,True,True,True,fcb739693b29d4aa36c28037e460a0d30e6f4b327f2f448da79ec89fdf49ae18,5c2e1fe302ebaa93a6860ef4dfaf30907fdc5e3a77a427ffc32048b42787f2ba
luna_20260928,A,wuji,42,SKILL_AGENT,SUCCESS,,0.29600000000000026,16.92134499992244,0.024499400053173304,16.945844399975613,36515,360,36875,5,3,True,True,True,True,fcb739693b29d4aa36c28037e460a0d30e6f4b327f2f448da79ec89fdf49ae18,5c2e1fe302ebaa93a6860ef4dfaf30907fdc5e3a77a427ffc32048b42787f2ba
luna_20260928,A,wuji,43,DIRECT_AGENT,FAILURE,GOAL_NOT_REACHED_WITHIN_BUDGET,2.999999999999869,60.62594150006771,0.14666409988421947,60.77260559995193,41100,2296,43396,5,4,True,True,True,True,1c05a1524a5bf8e54a9d5b483e9c008a8e443960723f9beabe8532753dca7851,5c2e1fe302ebaa93a6860ef4dfaf30907fdc5e3a77a427ffc32048b42787f2ba
luna_20260928,A,wuji,43,SKILL_AGENT,SUCCESS,,0.29800000000000015,21.923658000072464,0.017136399867013097,21.940794399939477,45932,522,46454,6,4,True,True,True,True,1c05a1524a5bf8e54a9d5b483e9c008a8e443960723f9beabe8532753dca7851,5c2e1fe302ebaa93a6860ef4dfaf30907fdc5e3a77a427ffc32048b42787f2ba
luna_20260928,A,wuji,44,DIRECT_AGENT,SUCCESS,,2.0339999999999754,51.42533830006141,0.0902849999256432,51.515623299987055,40854,2234,43088,5,4,True,True,True,True,301ce8d9325171aed01e69c1161ae2be86e26de9b823f2821ae664d1e02a8a0b,5c2e1fe302ebaa93a6860ef4dfaf30907fdc5e3a77a427ffc32048b42787f2ba
luna_20260928,A,wuji,44,SKILL_AGENT,SUCCESS,,0.29600000000000026,13.441941899829544,0.02205660007894039,13.463998499908485,33990,320,34310,5,3,True,True,True,True,301ce8d9325171aed01e69c1161ae2be86e26de9b823f2821ae664d1e02a8a0b,5c2e1fe302ebaa93a6860ef4dfaf30907fdc5e3a77a427ffc32048b42787f2ba
luna_20260928,A,wuji,45,DIRECT_AGENT,FAILURE,FORBIDDEN_CONTACT,0.5760000000000004,21.639122299966402,0.026217499980702996,21.665339799947105,19307,856,20163,3,2,True,True,True,True,e18236159b73b7c4a319b5cbeec91ce6e210044f515223d4992d3eb14c7b7051,5c2e1fe302ebaa93a6860ef4dfaf30907fdc5e3a77a427ffc32048b42787f2ba
luna_20260928,A,wuji,45,SKILL_AGENT,SUCCESS,,0.29000000000000026,20.79266519972589,0.018060400267131627,20.81072559999302,45658,475,46133,6,3,True,True,True,True,e18236159b73b7c4a319b5cbeec91ce6e210044f515223d4992d3eb14c7b7051,5c2e1fe302ebaa93a6860ef4dfaf30907fdc5e3a77a427ffc32048b42787f2ba
luna_20260928,A,wuji,46,DIRECT_AGENT,FAILURE,GOAL_NOT_REACHED_WITHIN_BUDGET,2.999999999999869,51.896667199907824,0.14033560000825673,52.03700279991608,52698,2044,54742,6,5,True,True,True,True,e8747f33cdf43a8bed81e1f38205bebe4c4714e2b282940327a9afead7523920,5c2e1fe302ebaa93a6860ef4dfaf30907fdc5e3a77a427ffc32048b42787f2ba
luna_20260928,A,wuji,46,SKILL_AGENT,SUCCESS,,0.29600000000000026,16.489559400011785,0.018802699982188642,16.508362099993974,45318,374,45692,6,3,True,True,True,True,e8747f33cdf43a8bed81e1f38205bebe4c4714e2b282940327a9afead7523920,5c2e1fe302ebaa93a6860ef4dfaf30907fdc5e3a77a427ffc32048b42787f2ba
luna_20260928,A,wuji,47,DIRECT_AGENT,SUCCESS,,1.6280000000000012,30.809828000026755,0.08108499995432794,30.890912999981083,28555,1232,29787,4,3,True,True,True,True,d3a96b852d5e2e743a27eee240cfb3a4f7c992826cd4b8a2953e1eff8cf10c33,5c2e1fe302ebaa93a6860ef4dfaf30907fdc5e3a77a427ffc32048b42787f2ba
luna_20260928,A,wuji,47,SKILL_AGENT,SUCCESS,,0.28600000000000025,16.06370679975953,0.01672470022458583,16.080431499984115,26514,338,26852,4,3,True,True,True,True,d3a96b852d5e2e743a27eee240cfb3a4f7c992826cd4b8a2953e1eff8cf10c33,5c2e1fe302ebaa93a6860ef4dfaf30907fdc5e3a77a427ffc32048b42787f2ba
luna_20260928,A,wuji,48,DIRECT_AGENT,SUCCESS,,0.6500000000000005,31.51692060008645,0.033357599982991815,31.550278200069442,19264,1133,20397,3,2,True,True,True,True,d5a609dd136e058c2fa7e71463880d0fd152cae67d86ffcc2812a9116847faf0,5c2e1fe302ebaa93a6860ef4dfaf30907fdc5e3a77a427ffc32048b42787f2ba
luna_20260928,A,wuji,48,SKILL_AGENT,SUCCESS,,0.28800000000000026,22.494401399977505,0.01589160005096346,22.51029300002847,17787,174,17961,3,2,True,True,True,True,d5a609dd136e058c2fa7e71463880d0fd152cae67d86ffcc2812a9116847faf0,5c2e1fe302ebaa93a6860ef4dfaf30907fdc5e3a77a427ffc32048b42787f2ba
luna_20260928,A,wuji,49,DIRECT_AGENT,FAILURE,FORBIDDEN_CONTACT,0.41600000000000026,28.525381300016306,0.01881159993354231,28.54419289994985,19668,926,20594,3,2,True,True,True,True,94b0567e885eb2b4300681167ee06ebad1c78761b08684a5354c8e2353aacfd5,5c2e1fe302ebaa93a6860ef4dfaf30907fdc5e3a77a427ffc32048b42787f2ba
luna_20260928,A,wuji,49,SKILL_AGENT,SUCCESS,,0.28200000000000025,19.819169899914414,0.015760599984787405,19.8349304998992,34149,346,34495,5,3,True,True,True,True,94b0567e885eb2b4300681167ee06ebad1c78761b08684a5354c8e2353aacfd5,5c2e1fe302ebaa93a6860ef4dfaf30907fdc5e3a77a427ffc32048b42787f2ba
luna_20260928,A,wuji,50,DIRECT_AGENT,FAILURE,FORBIDDEN_CONTACT,2.5219999999999216,79.40006720006932,0.11415479995775968,79.51422200002708,57283,3198,60481,6,5,True,True,True,True,ba6b465ab9b0118643323d7a8510873a07b5b7b288283f009ba293b6843d09a5,5c2e1fe302ebaa93a6860ef4dfaf30907fdc5e3a77a427ffc32048b42787f2ba
luna_20260928,A,wuji,50,SKILL_AGENT,SUCCESS,,0.28200000000000025,14.974033300182782,0.01488839986268431,14.988921700045466,26478,302,26780,4,3,True,True,True,True,ba6b465ab9b0118643323d7a8510873a07b5b7b288283f009ba293b6843d09a5,5c2e1fe302ebaa93a6860ef4dfaf30907fdc5e3a77a427ffc32048b42787f2ba
luna_20260928,A,wuji,51,DIRECT_AGENT,SUCCESS,,2.507999999999923,51.40155350009445,0.12372149992734194,51.52527500002179,54021,2143,56164,6,5,True,True,True,True,cb61d8d02ffff53e93ea7c96b2c7aac1055e0e9a8f83bbf393c0769817ac93dc,5c2e1fe302ebaa93a6860ef4dfaf30907fdc5e3a77a427ffc32048b42787f2ba
luna_20260928,A,wuji,51,SKILL_AGENT,SUCCESS,,0.29200000000000026,21.104395099915564,0.015560900093987584,21.11995600000955,45897,494,46391,6,4,True,True,True,True,cb61d8d02ffff53e93ea7c96b2c7aac1055e0e9a8f83bbf393c0769817ac93dc,5c2e1fe302ebaa93a6860ef4dfaf30907fdc5e3a77a427ffc32048b42787f2ba
luna_20260928,A,wuji,52,DIRECT_AGENT,FAILURE,FORBIDDEN_CONTACT,0.11200000000000007,13.431605700054206,0.006000899942591786,13.437606599996798,11376,429,11805,2,1,True,True,True,True,49e7c4f17ae3b8639a1523042a0cc4a4e802933542fb461f4b06f7d068b56031,5c2e1fe302ebaa93a6860ef4dfaf30907fdc5e3a77a427ffc32048b42787f2ba
luna_20260928,A,wuji,52,SKILL_AGENT,SUCCESS,,0.29200000000000026,8.698252499918453,0.015741500072181225,8.713993999990635,17758,174,17932,3,2,True,True,True,True,49e7c4f17ae3b8639a1523042a0cc4a4e802933542fb461f4b06f7d068b56031,5c2e1fe302ebaa93a6860ef4dfaf30907fdc5e3a77a427ffc32048b42787f2ba
luna_20260928,A,wuji,53,DIRECT_AGENT,FAILURE,GOAL_NOT_REACHED_WITHIN_BUDGET,2.999999999999869,74.44768490013666,0.149568599765189,74.59725349990185,86346,3309,89655,8,7,True,True,True,True,05d6c3bb1664d079a0e9c4e29d2b605a306620d39fcf519726fa4a15d3500cac,5c2e1fe302ebaa93a6860ef4dfaf30907fdc5e3a77a427ffc32048b42787f2ba
luna_20260928,A,wuji,53,SKILL_AGENT,SUCCESS,,0.28000000000000025,16.254803200019524,0.014947199961170554,16.269750399980694,33996,287,34283,5,2,True,True,True,True,05d6c3bb1664d079a0e9c4e29d2b605a306620d39fcf519726fa4a15d3500cac,5c2e1fe302ebaa93a6860ef4dfaf30907fdc5e3a77a427ffc32048b42787f2ba
luna_20260928,A,wuji,54,DIRECT_AGENT,SUCCESS,,0.7580000000000006,25.984768899856135,0.03708820010069758,26.021857099956833,19172,1038,20210,3,2,True,True,True,True,5e037aae773d1bf41269cd30a2f2cd3a50e80b84f686b449f28e25f35cb7da20,5c2e1fe302ebaa93a6860ef4dfaf30907fdc5e3a77a427ffc32048b42787f2ba
luna_20260928,A,wuji,54,SKILL_AGENT,SUCCESS,,0.28200000000000025,8.941640400094911,0.0588800999103114,9.000520500005223,17754,194,17948,3,2,True,True,True,True,5e037aae773d1bf41269cd30a2f2cd3a50e80b84f686b449f28e25f35cb7da20,5c2e1fe302ebaa93a6860ef4dfaf30907fdc5e3a77a427ffc32048b42787f2ba
luna_20260928,A,wuji,55,DIRECT_AGENT,FAILURE,FORBIDDEN_CONTACT,0.5140000000000003,22.12885229999665,0.023783199954777956,22.15263549995143,19533,816,20349,3,2,True,True,True,True,bdf214895a51e8a63e77a6e87da13999fae7db9c93c7cae15f991feacd293e61,5c2e1fe302ebaa93a6860ef4dfaf30907fdc5e3a77a427ffc32048b42787f2ba
luna_20260928,A,wuji,55,SKILL_AGENT,SUCCESS,,0.28200000000000025,13.121530400007032,0.019199699978344142,13.140730099985376,34246,326,34572,5,3,True,True,True,True,bdf214895a51e8a63e77a6e87da13999fae7db9c93c7cae15f991feacd293e61,5c2e1fe302ebaa93a6860ef4dfaf30907fdc5e3a77a427ffc32048b42787f2ba
luna_20260928,A,wuji,56,DIRECT_AGENT,SUCCESS,,1.1540000000000008,41.78370479994919,0.05401050008367747,41.83771530003287,29611,1774,31385,4,3,True,True,True,True,62bf472f04ef7d1f65b5958fabb6fa33c1f40d025896a23bd1451aab075908d8,5c2e1fe302ebaa93a6860ef4dfaf30907fdc5e3a77a427ffc32048b42787f2ba
luna_20260928,A,wuji,56,SKILL_AGENT,SUCCESS,,0.29600000000000026,10.621309299953282,0.019342800020240247,10.640652099973522,17790,175,17965,3,2,True,True,True,True,62bf472f04ef7d1f65b5958fabb6fa33c1f40d025896a23bd1451aab075908d8,5c2e1fe302ebaa93a6860ef4dfaf30907fdc5e3a77a427ffc32048b42787f2ba
luna_20260928,A,wuji,57,DIRECT_AGENT,SUCCESS,,0.9440000000000006,27.393140300060622,0.04268099996261299,27.435821300023235,19307,1150,20457,3,2,True,True,True,True,a7896c9580cdfd40109ad6eed9ddde10977e38de1e13d2de503c98c53c6ef960,5c2e1fe302ebaa93a6860ef4dfaf30907fdc5e3a77a427ffc32048b42787f2ba
luna_20260928,A,wuji,57,SKILL_AGENT,SUCCESS,,0.28800000000000026,9.459959999890998,0.016008000122383237,9.475968000013381,17806,174,17980,3,2,True,True,True,True,a7896c9580cdfd40109ad6eed9ddde10977e38de1e13d2de503c98c53c6ef960,5c2e1fe302ebaa93a6860ef4dfaf30907fdc5e3a77a427ffc32048b42787f2ba
luna_20260928,A,wuji,58,DIRECT_AGENT,FAILURE,FORBIDDEN_CONTACT,1.0480000000000007,32.23213089979254,0.04938330012373626,32.28151419991627,28748,1178,29926,4,3,True,True,True,True,7c14d9ba3445233b5e03689ec28e2f5b7e3a35c7fee603dd149d7d78361058f5,5c2e1fe302ebaa93a6860ef4dfaf30907fdc5e3a77a427ffc32048b42787f2ba
luna_20260928,A,wuji,58,SKILL_AGENT,SUCCESS,,0.27800000000000025,10.837071700021625,0.01934819994494319,10.856419899966568,17801,184,17985,3,2,True,True,True,True,7c14d9ba3445233b5e03689ec28e2f5b7e3a35c7fee603dd149d7d78361058f5,5c2e1fe302ebaa93a6860ef4dfaf30907fdc5e3a77a427ffc32048b42787f2ba
luna_20260928,A,wuji,59,DIRECT_AGENT,FAILURE,FORBIDDEN_CONTACT,0.3460000000000002,41.521030400064774,0.016500699915923178,41.5375310999807,20396,1982,22378,3,2,True,True,True,True,205f345392f2822cd0f593aa340a8088fc3c7c0c8af4b85eca04cf77b6ebbc2d,5c2e1fe302ebaa93a6860ef4dfaf30907fdc5e3a77a427ffc32048b42787f2ba
luna_20260928,A,wuji,59,SKILL_AGENT,SUCCESS,,0.28000000000000025,8.564883399987593,0.01358340005390346,8.578466800041497,17740,167,17907,3,2,True,True,True,True,205f345392f2822cd0f593aa340a8088fc3c7c0c8af4b85eca04cf77b6ebbc2d,5c2e1fe302ebaa93a6860ef4dfaf30907fdc5e3a77a427ffc32048b42787f2ba
luna_20260928,A,wuji,60,DIRECT_AGENT,SUCCESS,,1.8699999999999932,39.14213529997505,0.09081359999254346,39.232948899967596,39693,1570,41263,5,4,True,True,True,True,06138b9308f854cf6746dab130c6136c2ae277b8ae2e648c252b793c843bebb0,5c2e1fe302ebaa93a6860ef4dfaf30907fdc5e3a77a427ffc32048b42787f2ba
luna_20260928,A,wuji,60,SKILL_AGENT,SUCCESS,,0.28800000000000026,19.19428490009159,0.019993499969132245,19.21427840006072,45861,509,46370,6,4,True,True,True,True,06138b9308f854cf6746dab130c6136c2ae277b8ae2e648c252b793c843bebb0,5c2e1fe302ebaa93a6860ef4dfaf30907fdc5e3a77a427ffc32048b42787f2ba
luna_20260928,A,wuji,61,DIRECT_AGENT,SUCCESS,,2.1159999999999664,44.85686239984352,0.10055310011375695,44.95741549995728,40912,2009,42921,5,4,True,True,True,True,eb9e419dcfb92cd30965786f0485916bcb41da8c244d926c6702d30e631685f6,5c2e1fe302ebaa93a6860ef4dfaf30907fdc5e3a77a427ffc32048b42787f2ba
luna_20260928,A,wuji,61,SKILL_AGENT,SUCCESS,,0.28400000000000025,5.990080100018531,0.01652419997844845,6.0066042999969795,10544,127,10671,2,1,True,True,True,True,eb9e419dcfb92cd30965786f0485916bcb41da8c244d926c6702d30e631685f6,5c2e1fe302ebaa93a6860ef4dfaf30907fdc5e3a77a427ffc32048b42787f2ba
luna_20260928,A,wuji,62,DIRECT_AGENT,SUCCESS,,0.6080000000000004,27.27146610012278,0.02850159991066903,27.29996770003345,19080,1175,20255,3,2,True,True,True,True,50dab25dda7987f70f6433586463b83cfc5328896a82e0b53cdf3c1a77812013,5c2e1fe302ebaa93a6860ef4dfaf30907fdc5e3a77a427ffc32048b42787f2ba
luna_20260928,A,wuji,62,SKILL_AGENT,SUCCESS,,0.28800000000000026,9.409498799941503,0.01407230005133897,9.423571099992841,17835,203,18038,3,2,True,True,True,True,50dab25dda7987f70f6433586463b83cfc5328896a82e0b53cdf3c1a77812013,5c2e1fe302ebaa93a6860ef4dfaf30907fdc5e3a77a427ffc32048b42787f2ba
luna_20260928,A,wuji,63,DIRECT_AGENT,SUCCESS,,0.6480000000000005,24.70249829988461,0.033185700071044266,24.735683999955654,18950,858,19808,3,2,True,True,True,True,989647cc0afbe60d7766a29c2158621846e32116ee1fc49aa5201a1425dfafbb,5c2e1fe302ebaa93a6860ef4dfaf30907fdc5e3a77a427ffc32048b42787f2ba
luna_20260928,A,wuji,63,SKILL_AGENT,SUCCESS,,0.27800000000000025,15.774382799863815,0.013558900100179017,15.787941699963994,36548,412,36960,5,3,True,True,True,True,989647cc0afbe60d7766a29c2158621846e32116ee1fc49aa5201a1425dfafbb,5c2e1fe302ebaa93a6860ef4dfaf30907fdc5e3a77a427ffc32048b42787f2ba
luna_20260928,A,wuji,64,DIRECT_AGENT,FAILURE,GOAL_NOT_REACHED_WITHIN_BUDGET,2.999999999999869,50.1719059998868,0.15149080008268356,50.32339679996949,54291,2289,56580,6,5,True,True,True,True,724e4a1f0b1b4beedcbf20d4fbd59e2c72d55c92f3ab708e499b3a967cd3f20c,5c2e1fe302ebaa93a6860ef4dfaf30907fdc5e3a77a427ffc32048b42787f2ba
luna_20260928,A,wuji,64,SKILL_AGENT,SUCCESS,,0.28800000000000026,19.49062559986487,0.01429350022226572,19.504919100087136,48421,564,48985,6,4,True,True,True,True,724e4a1f0b1b4beedcbf20d4fbd59e2c72d55c92f3ab708e499b3a967cd3f20c,5c2e1fe302ebaa93a6860ef4dfaf30907fdc5e3a77a427ffc32048b42787f2ba
luna_20260928,A,wuji,65,DIRECT_AGENT,FAILURE,ACTUATOR_LIMIT,1.7020000000000013,50.61098919995129,0.07936820003669709,50.69035739998799,40783,2069,42852,5,4,True,True,True,True,a84eb8965ae4fa36ac2564f790325664843d1c6dcef6ab76a77000a3d98ab4f6,5c2e1fe302ebaa93a6860ef4dfaf30907fdc5e3a77a427ffc32048b42787f2ba
luna_20260928,A,wuji,65,SKILL_AGENT,SUCCESS,,0.28400000000000025,8.94765940005891,0.01578169991262257,8.963441099971533,17789,173,17962,3,2,True,True,True,True,a84eb8965ae4fa36ac2564f790325664843d1c6dcef6ab76a77000a3d98ab4f6,5c2e1fe302ebaa93a6860ef4dfaf30907fdc5e3a77a427ffc32048b42787f2ba
luna_20260928,A,wuji,66,DIRECT_AGENT,FAILURE,GOAL_NOT_REACHED_WITHIN_BUDGET,2.999999999999869,57.57259800005704,0.1350271999835968,57.70762520004064,54576,2709,57285,6,5,True,True,True,True,6f9228728742cd0afc8f0ecbe95b86704782d37ea0723cb2210951909847ab17,5c2e1fe302ebaa93a6860ef4dfaf30907fdc5e3a77a427ffc32048b42787f2ba
luna_20260928,A,wuji,66,SKILL_AGENT,SUCCESS,,0.29000000000000026,5.950889500090852,0.015805299975909293,5.966694800066762,10506,91,10597,2,1,True,True,True,True,6f9228728742cd0afc8f0ecbe95b86704782d37ea0723cb2210951909847ab17,5c2e1fe302ebaa93a6860ef4dfaf30907fdc5e3a77a427ffc32048b42787f2ba
luna_20260928,A,wuji,67,DIRECT_AGENT,FAILURE,FORBIDDEN_CONTACT,0.8280000000000005,28.393104999908246,0.042217600042931736,28.435322599951178,28344,950,29294,4,3,True,True,True,True,aad2de80200646133715d159e1c20a979efce2ea122a86932aaa2805d0a98151,5c2e1fe302ebaa93a6860ef4dfaf30907fdc5e3a77a427ffc32048b42787f2ba
luna_20260928,A,wuji,67,SKILL_AGENT,SUCCESS,,0.28400000000000025,18.873397500021383,0.018917999928817153,18.8923154999502,46162,539,46701,6,4,True,True,True,True,aad2de80200646133715d159e1c20a979efce2ea122a86932aaa2805d0a98151,5c2e1fe302ebaa93a6860ef4dfaf30907fdc5e3a77a427ffc32048b42787f2ba
luna_20260928,A,wuji,68,DIRECT_AGENT,FAILURE,GOAL_NOT_REACHED_WITHIN_BUDGET,2.999999999999869,85.50058370013721,0.145238799857907,85.64582249999512,111152,3414,114566,13,5,True,True,True,True,1968f5de8a6d6f45c021a95c7ead7c9fe5049cada38f48e4e01de67237d6966c,5c2e1fe302ebaa93a6860ef4dfaf30907fdc5e3a77a427ffc32048b42787f2ba
luna_20260928,A,wuji,68,SKILL_AGENT,SUCCESS,,0.28800000000000026,11.123275300022215,0.0349904999602586,11.158265799982473,24178,277,24455,4,2,True,True,True,True,1968f5de8a6d6f45c021a95c7ead7c9fe5049cada38f48e4e01de67237d6966c,5c2e1fe302ebaa93a6860ef4dfaf30907fdc5e3a77a427ffc32048b42787f2ba
luna_20260928,A,wuji,69,DIRECT_AGENT,SUCCESS,,1.426000000000001,26.58543780015316,0.06424239987973124,26.64968020003289,28257,1131,29388,4,3,True,True,True,True,2f3835208ac142031dc6002cf9371703817576ae1625e22ea4ded3e42844a5ca,5c2e1fe302ebaa93a6860ef4dfaf30907fdc5e3a77a427ffc32048b42787f2ba
luna_20260928,A,wuji,69,SKILL_AGENT,SUCCESS,,0.28800000000000026,10.380833399947733,0.015195100102573633,10.396028500050306,17814,240,18054,3,2,True,True,True,True,2f3835208ac142031dc6002cf9371703817576ae1625e22ea4ded3e42844a5ca,5c2e1fe302ebaa93a6860ef4dfaf30907fdc5e3a77a427ffc32048b42787f2ba
luna_20260928,A,wuji,70,DIRECT_AGENT,FAILURE,GOAL_NOT_REACHED_WITHIN_BUDGET,2.999999999999869,49.826932300115004,0.14074949990026653,49.96768180001527,41617,2395,44012,5,4,True,True,True,True,bb4de9c626d9ebb111406bb792091287c8563abceffab68a8be1ee3f62661d35,5c2e1fe302ebaa93a6860ef4dfaf30907fdc5e3a77a427ffc32048b42787f2ba
luna_20260928,A,wuji,70,SKILL_AGENT,SUCCESS,,0.28400000000000025,28.974426599917933,0.018796100048348308,28.99322269996628,72423,684,73107,8,6,True,True,True,True,bb4de9c626d9ebb111406bb792091287c8563abceffab68a8be1ee3f62661d35,5c2e1fe302ebaa93a6860ef4dfaf30907fdc5e3a77a427ffc32048b42787f2ba
luna_20260928,A,wuji,71,DIRECT_AGENT,FAILURE,FORBIDDEN_CONTACT,0.8200000000000005,27.789140600012615,0.062478199950419366,27.851618799963035,19314,1097,20411,3,2,True,True,True,True,fdc68865594a59c942b8ec395033656725c4454277f9cb547a6612ae397b835a,5c2e1fe302ebaa93a6860ef4dfaf30907fdc5e3a77a427ffc32048b42787f2ba
luna_20260928,A,wuji,71,SKILL_AGENT,SUCCESS,,0.28400000000000025,9.75892879976891,0.019331600167788565,9.778260399936698,17763,175,17938,3,2,True,True,True,True,fdc68865594a59c942b8ec395033656725c4454277f9cb547a6612ae397b835a,5c2e1fe302ebaa93a6860ef4dfaf30907fdc5e3a77a427ffc32048b42787f2ba
luna_20260928,A,wuji,72,DIRECT_AGENT,SUCCESS,,2.6939999999999027,41.02595040004235,0.1620266999816522,41.187977100024,52560,1619,54179,6,5,True,True,True,True,28a0fa1829d8f1c9a47a5f5ab8c9c2bd7f97c60442524e42e83f4a9525643807,5c2e1fe302ebaa93a6860ef4dfaf30907fdc5e3a77a427ffc32048b42787f2ba
luna_20260928,A,wuji,72,SKILL_AGENT,SUCCESS,,0.29800000000000015,6.122854700079188,0.04149380000308156,6.164348500082269,10505,93,10598,2,1,True,True,True,True,28a0fa1829d8f1c9a47a5f5ab8c9c2bd7f97c60442524e42e83f4a9525643807,5c2e1fe302ebaa93a6860ef4dfaf30907fdc5e3a77a427ffc32048b42787f2ba
luna_20260928,A,wuji,73,DIRECT_AGENT,SUCCESS,,1.418000000000001,38.385713499970734,0.12122770003043115,38.506941200001165,28721,1702,30423,4,3,True,True,True,True,07f920be57ad66147145d0836a07315722089c15c69b2f76a054a23c36cfe24c,5c2e1fe302ebaa93a6860ef4dfaf30907fdc5e3a77a427ffc32048b42787f2ba
luna_20260928,A,wuji,73,SKILL_AGENT,SUCCESS,,0.29000000000000026,18.020897199981846,0.017789000063203275,18.03868620004505,45807,493,46300,6,4,True,True,True,True,07f920be57ad66147145d0836a07315722089c15c69b2f76a054a23c36cfe24c,5c2e1fe302ebaa93a6860ef4dfaf30907fdc5e3a77a427ffc32048b42787f2ba
luna_20260928,A,wuji,74,DIRECT_AGENT,SUCCESS,,1.8779999999999923,37.401765499962494,0.08669760008342564,37.48846310004592,29026,1642,30668,4,3,True,True,True,True,95ace1434c27df794d2daaaf06a1d6cbeadbfccff67f2896e9bd8b7937d85d15,5c2e1fe302ebaa93a6860ef4dfaf30907fdc5e3a77a427ffc32048b42787f2ba
luna_20260928,A,wuji,74,SKILL_AGENT,SUCCESS,,0.29400000000000026,11.107310599996708,0.015458300011232495,11.12276890000794,17876,234,18110,3,2,True,True,True,True,95ace1434c27df794d2daaaf06a1d6cbeadbfccff67f2896e9bd8b7937d85d15,5c2e1fe302ebaa93a6860ef4dfaf30907fdc5e3a77a427ffc32048b42787f2ba
luna_20260928,A,wuji,75,DIRECT_AGENT,FAILURE,FORBIDDEN_CONTACT,0.41800000000000026,31.557026899885386,0.020913900109007955,31.577940799994394,36000,1228,37228,5,2,True,True,True,True,b158345323c402aea9d181a2ce53ead95e3afb423551bfd5412cd045c32c1987,5c2e1fe302ebaa93a6860ef4dfaf30907fdc5e3a77a427ffc32048b42787f2ba
luna_20260928,A,wuji,75,SKILL_AGENT,SUCCESS,,0.29000000000000026,5.742185199982487,0.019325300003401935,5.761510499985889,10494,95,10589,2,1,True,True,True,True,b158345323c402aea9d181a2ce53ead95e3afb423551bfd5412cd045c32c1987,5c2e1fe302ebaa93a6860ef4dfaf30907fdc5e3a77a427ffc32048b42787f2ba
luna_20260928,A,wuji,76,DIRECT_AGENT,SUCCESS,,1.9399999999999855,45.71809130010661,0.09325009991880506,45.81134140002541,29811,1934,31745,4,3,True,True,True,True,2742063af77894d4f546323d26867e98d3c4c15700f364e674ca48f5aa726382,5c2e1fe302ebaa93a6860ef4dfaf30907fdc5e3a77a427ffc32048b42787f2ba
luna_20260928,A,wuji,76,SKILL_AGENT,SUCCESS,,0.28400000000000025,14.322784399846569,0.03215110010933131,14.3549354999559,26446,271,26717,4,2,True,True,True,True,2742063af77894d4f546323d26867e98d3c4c15700f364e674ca48f5aa726382,5c2e1fe302ebaa93a6860ef4dfaf30907fdc5e3a77a427ffc32048b42787f2ba
luna_20260928,A,wuji,77,DIRECT_AGENT,FAILURE,GOAL_NOT_REACHED_WITHIN_BUDGET,2.999999999999869,59.61732910014689,0.13938529987353832,59.75671440002043,69122,2722,71844,7,6,True,True,True,True,ab5380ebcbae843d659d7ca06696f335e47d44714a9266456a68bb2242f1a97e,5c2e1fe302ebaa93a6860ef4dfaf30907fdc5e3a77a427ffc32048b42787f2ba
luna_20260928,A,wuji,77,SKILL_AGENT,SUCCESS,,0.28600000000000025,6.7236672000726685,0.020261199912056327,6.743928399984725,10518,111,10629,2,1,True,True,True,True,ab5380ebcbae843d659d7ca06696f335e47d44714a9266456a68bb2242f1a97e,5c2e1fe302ebaa93a6860ef4dfaf30907fdc5e3a77a427ffc32048b42787f2ba
luna_20260928,A,wuji,78,DIRECT_AGENT,SUCCESS,,1.0380000000000007,41.17699320008978,0.049099699943326414,41.22609290003311,39470,1672,41142,5,3,True,True,True,True,ae103e8350727e8f58a1cbdcb9cf4c51306a31a353533f4f70adf0f8465ea065,5c2e1fe302ebaa93a6860ef4dfaf30907fdc5e3a77a427ffc32048b42787f2ba
luna_20260928,A,wuji,78,SKILL_AGENT,SUCCESS,,0.28000000000000025,8.865358000039123,0.020221899962052703,8.885579900001176,17795,181,17976,3,2,True,True,True,True,ae103e8350727e8f58a1cbdcb9cf4c51306a31a353533f4f70adf0f8465ea065,5c2e1fe302ebaa93a6860ef4dfaf30907fdc5e3a77a427ffc32048b42787f2ba
luna_20260928,A,wuji,79,DIRECT_AGENT,FAILURE,FORBIDDEN_CONTACT,1.0880000000000007,45.56064990023151,0.04888559982646257,45.60953550005797,29391,1974,31365,4,3,True,True,True,True,511e757ddec79b0749c514df90606b3e36a5301190f922063fdac2ca98d4e4a2,5c2e1fe302ebaa93a6860ef4dfaf30907fdc5e3a77a427ffc32048b42787f2ba
luna_20260928,A,wuji,79,SKILL_AGENT,SUCCESS,,0.30000000000000016,9.038149799918756,0.02639060013461858,9.064540400053374,17729,149,17878,3,2,True,True,True,True,511e757ddec79b0749c514df90606b3e36a5301190f922063fdac2ca98d4e4a2,5c2e1fe302ebaa93a6860ef4dfaf30907fdc5e3a77a427ffc32048b42787f2ba
luna_20260928,A,wuji,80,DIRECT_AGENT,FAILURE,FORBIDDEN_CONTACT,1.1980000000000008,14.065162500017323,0.05867190007120371,14.123834400088526,18395,428,18823,3,2,True,True,True,True,2451952964938b8712ab7bc67299c565d0a7dfe31f05c3c0d13a1d98f75ff747,5c2e1fe302ebaa93a6860ef4dfaf30907fdc5e3a77a427ffc32048b42787f2ba
luna_20260928,A,wuji,80,SKILL_AGENT,SUCCESS,,0.29600000000000026,9.397863700054586,0.015708499937318265,9.413572199991904,17813,173,17986,3,2,True,True,True,True,2451952964938b8712ab7bc67299c565d0a7dfe31f05c3c0d13a1d98f75ff747,5c2e1fe302ebaa93a6860ef4dfaf30907fdc5e3a77a427ffc32048b42787f2ba
luna_20260928,A,wuji,81,DIRECT_AGENT,SUCCESS,,2.229999999999954,59.86714240000583,0.12812390003819019,59.99526630004402,42279,2694,44973,5,4,True,True,True,True,d7747fd57cdf963e54ae47462eaa9885937255828062c363232288a6a23a510d,5c2e1fe302ebaa93a6860ef4dfaf30907fdc5e3a77a427ffc32048b42787f2ba
luna_20260928,A,wuji,81,SKILL_AGENT,SUCCESS,,0.28800000000000026,14.98461650009267,0.02227459999267012,15.00689110008534,34002,295,34297,5,3,True,True,True,True,d7747fd57cdf963e54ae47462eaa9885937255828062c363232288a6a23a510d,5c2e1fe302ebaa93a6860ef4dfaf30907fdc5e3a77a427ffc32048b42787f2ba
luna_20260928,A,wuji,82,DIRECT_AGENT,SUCCESS,,1.318000000000001,39.44200059992727,0.06561250006780028,39.50761309999507,29003,1533,30536,4,3,True,True,True,True,be395a789f7a3723b7af53934b68cf760fe62a2639a6b006da7412dee554369d,5c2e1fe302ebaa93a6860ef4dfaf30907fdc5e3a77a427ffc32048b42787f2ba
luna_20260928,A,wuji,82,SKILL_AGENT,SUCCESS,,0.28600000000000025,11.974510699976236,0.017263000016100705,11.991773699992336,17815,205,18020,3,2,True,True,True,True,be395a789f7a3723b7af53934b68cf760fe62a2639a6b006da7412dee554369d,5c2e1fe302ebaa93a6860ef4dfaf30907fdc5e3a77a427ffc32048b42787f2ba
luna_20260928,A,wuji,83,DIRECT_AGENT,SUCCESS,,2.229999999999954,59.25447290006559,0.10403449996374547,59.35850740002934,67746,2177,69923,7,6,True,True,True,True,37b76f4ca7fe9a429bec04f908010e6bedf1d14d77df7e1845537416dd78544b,5c2e1fe302ebaa93a6860ef4dfaf30907fdc5e3a77a427ffc32048b42787f2ba
luna_20260928,A,wuji,83,SKILL_AGENT,SUCCESS,,0.28400000000000025,17.819163199979812,0.031148900045081973,17.850312100024894,26503,314,26817,4,3,True,True,True,True,37b76f4ca7fe9a429bec04f908010e6bedf1d14d77df7e1845537416dd78544b,5c2e1fe302ebaa93a6860ef4dfaf30907fdc5e3a77a427ffc32048b42787f2ba
luna_20260928,A,wuji,84,DIRECT_AGENT,SUCCESS,,1.6180000000000012,27.44471269985661,0.07456690014805645,27.519279600004666,27705,1007,28712,4,3,True,True,True,True,c055e7f79f54a8e07339214547512ec5e1cb07fe11c3b88ffe8e2ce3724da275,5c2e1fe302ebaa93a6860ef4dfaf30907fdc5e3a77a427ffc32048b42787f2ba
luna_20260928,A,wuji,84,SKILL_AGENT,SUCCESS,,0.28200000000000025,14.434526500059292,0.018340199952945113,14.452866700012237,34117,325,34442,5,3,True,True,True,True,c055e7f79f54a8e07339214547512ec5e1cb07fe11c3b88ffe8e2ce3724da275,5c2e1fe302ebaa93a6860ef4dfaf30907fdc5e3a77a427ffc32048b42787f2ba
luna_20260928,A,wuji,85,DIRECT_AGENT,SUCCESS,,2.129999999999965,46.874558100127615,0.10067399987019598,46.97523209999781,40579,2047,42626,5,4,True,True,True,True,f373c1f894e17e4c39a2c6e2dcf1437eb0bc05210cd44f89cd2bbf8457df47d3,5c2e1fe302ebaa93a6860ef4dfaf30907fdc5e3a77a427ffc32048b42787f2ba
luna_20260928,A,wuji,85,SKILL_AGENT,SUCCESS,,0.29400000000000026,11.915711999987252,0.0228728000074625,11.938584799994715,24283,275,24558,4,2,True,True,True,True,f373c1f894e17e4c39a2c6e2dcf1437eb0bc05210cd44f89cd2bbf8457df47d3,5c2e1fe302ebaa93a6860ef4dfaf30907fdc5e3a77a427ffc32048b42787f2ba
luna_20260928,A,wuji,86,DIRECT_AGENT,FAILURE,FORBIDDEN_CONTACT,1.6240000000000012,37.89510050008539,0.07966149994172156,37.97476200002711,30076,1667,31743,4,3,True,True,True,True,522cfcb8c6d79c71645f4ac8f226d8111fc67d7c42eeaa594d3c597092655928,5c2e1fe302ebaa93a6860ef4dfaf30907fdc5e3a77a427ffc32048b42787f2ba
luna_20260928,A,wuji,86,SKILL_AGENT,SUCCESS,,0.29200000000000026,30.703561500180513,0.017914499854668975,30.72147600003518,34294,392,34686,5,2,True,True,True,True,522cfcb8c6d79c71645f4ac8f226d8111fc67d7c42eeaa594d3c597092655928,5c2e1fe302ebaa93a6860ef4dfaf30907fdc5e3a77a427ffc32048b42787f2ba
luna_20260928,A,wuji,87,DIRECT_AGENT,FAILURE,GOAL_NOT_REACHED_WITHIN_BUDGET,2.999999999999869,51.146569799864665,0.13754590007010847,51.28411569993477,39816,1799,41615,5,4,True,True,True,True,e442c2266008f34f9910424fc2125e449acd935bf84ef41d82ddb38ebb6430d2,5c2e1fe302ebaa93a6860ef4dfaf30907fdc5e3a77a427ffc32048b42787f2ba
luna_20260928,A,wuji,87,SKILL_AGENT,SUCCESS,,0.28000000000000025,22.521604399895296,0.014441900071687996,22.536046299966983,46113,570,46683,6,4,True,True,True,True,e442c2266008f34f9910424fc2125e449acd935bf84ef41d82ddb38ebb6430d2,5c2e1fe302ebaa93a6860ef4dfaf30907fdc5e3a77a427ffc32048b42787f2ba
luna_20260928,A,wuji,88,DIRECT_AGENT,FAILURE,FORBIDDEN_CONTACT,0.9740000000000006,45.000204599811696,0.04365600016899407,45.04386059998069,20581,1855,22436,3,2,True,True,True,True,d48977f434f98a302627d45b78a79ada8e7f9257ec10e71a32409f52cdeccc28,5c2e1fe302ebaa93a6860ef4dfaf30907fdc5e3a77a427ffc32048b42787f2ba
luna_20260928,A,wuji,88,SKILL_AGENT,SUCCESS,,0.28200000000000025,10.30666789994575,0.01729620003607124,10.323964099981822,17832,225,18057,3,2,True,True,True,True,d48977f434f98a302627d45b78a79ada8e7f9257ec10e71a32409f52cdeccc28,5c2e1fe302ebaa93a6860ef4dfaf30907fdc5e3a77a427ffc32048b42787f2ba
luna_20260928,A,wuji,89,DIRECT_AGENT,SUCCESS,,1.7780000000000014,47.80279230000451,0.08432599995285273,47.887118299957365,29606,1969,31575,4,3,True,True,True,True,473b58b2e99bceab8a70098d1ce8a3a998217d0110b5d6fed38d60384cf2c5b3,5c2e1fe302ebaa93a6860ef4dfaf30907fdc5e3a77a427ffc32048b42787f2ba
luna_20260928,A,wuji,89,SKILL_AGENT,SUCCESS,,0.28800000000000026,9.233293799916282,0.017160500050522387,9.250454299966805,17783,171,17954,3,2,True,True,True,True,473b58b2e99bceab8a70098d1ce8a3a998217d0110b5d6fed38d60384cf2c5b3,5c2e1fe302ebaa93a6860ef4dfaf30907fdc5e3a77a427ffc32048b42787f2ba
luna_20260928,A,wuji,90,DIRECT_AGENT,SUCCESS,,1.5100000000000011,39.025024699862115,0.07989050005562603,39.10491519991774,29128,1578,30706,4,3,True,True,True,True,b868521b669de5663a2504eaf5842be27f2c697e0db97eb5192b48781547250d,5c2e1fe302ebaa93a6860ef4dfaf30907fdc5e3a77a427ffc32048b42787f2ba
luna_20260928,A,wuji,90,SKILL_AGENT,SUCCESS,,0.28400000000000025,6.302548800013028,0.014261399977840483,6.316810199990869,10511,86,10597,2,1,True,True,True,True,b868521b669de5663a2504eaf5842be27f2c697e0db97eb5192b48781547250d,5c2e1fe302ebaa93a6860ef4dfaf30907fdc5e3a77a427ffc32048b42787f2ba
luna_20260928,A,wuji,91,DIRECT_AGENT,FAILURE,FORBIDDEN_CONTACT,1.5460000000000012,33.74953930010088,0.07513299991842359,33.8246723000193,28762,1114,29876,4,3,True,True,True,True,49b43b73e66f57f087d367dcfce9a1fa6d86fa7132dc9dc178d5687acb24b3dd,5c2e1fe302ebaa93a6860ef4dfaf30907fdc5e3a77a427ffc32048b42787f2ba
luna_20260928,A,wuji,91,SKILL_AGENT,SUCCESS,,0.28400000000000025,10.374054300016724,0.018496799981221557,10.392551099997945,17789,179,17968,3,2,True,True,True,True,49b43b73e66f57f087d367dcfce9a1fa6d86fa7132dc9dc178d5687acb24b3dd,5c2e1fe302ebaa93a6860ef4dfaf30907fdc5e3a77a427ffc32048b42787f2ba
luna_20260928,A,wuji,92,DIRECT_AGENT,FAILURE,FORBIDDEN_CONTACT,1.1040000000000008,28.49969049997162,0.04893000004813075,28.54862050001975,19513,1009,20522,3,2,True,True,True,True,8488c4145a47f4c7aa87bcdb2589b48fbe13605a7887713991cca4812af05205,5c2e1fe302ebaa93a6860ef4dfaf30907fdc5e3a77a427ffc32048b42787f2ba
luna_20260928,A,wuji,92,SKILL_AGENT,SUCCESS,,0.28400000000000025,10.090127400122583,0.017159399925731122,10.107286800048314,17800,185,17985,3,2,True,True,True,True,8488c4145a47f4c7aa87bcdb2589b48fbe13605a7887713991cca4812af05205,5c2e1fe302ebaa93a6860ef4dfaf30907fdc5e3a77a427ffc32048b42787f2ba
luna_20260928,A,wuji,93,DIRECT_AGENT,SUCCESS,,1.7240000000000013,24.627376200049184,0.07539729995187372,24.702773500001058,27611,859,28470,4,3,True,True,True,True,8b0929fe4e45c75ce9b604763d0cd6a7c42efaf36160e2d299239daeafd17f16,5c2e1fe302ebaa93a6860ef4dfaf30907fdc5e3a77a427ffc32048b42787f2ba
luna_20260928,A,wuji,93,SKILL_AGENT,SUCCESS,,0.28800000000000026,7.120008599944413,0.014190700021572411,7.134199299965985,10496,82,10578,2,1,True,True,True,True,8b0929fe4e45c75ce9b604763d0cd6a7c42efaf36160e2d299239daeafd17f16,5c2e1fe302ebaa93a6860ef4dfaf30907fdc5e3a77a427ffc32048b42787f2ba
luna_20260928,A,wuji,94,DIRECT_AGENT,FAILURE,FORBIDDEN_CONTACT,0.5220000000000004,31.372641700087115,0.02508359996136278,31.397725300048478,28557,1170,29727,4,2,True,True,True,True,a6125c431d885e00ebe1f48c773b1223fe0b9bf16eaf128a09e8f119f47e5980,5c2e1fe302ebaa93a6860ef4dfaf30907fdc5e3a77a427ffc32048b42787f2ba
luna_20260928,A,wuji,94,SKILL_AGENT,SUCCESS,,0.28200000000000025,13.830378599930555,0.014750900096260011,13.845129500026815,24210,245,24455,4,2,True,True,True,True,a6125c431d885e00ebe1f48c773b1223fe0b9bf16eaf128a09e8f119f47e5980,5c2e1fe302ebaa93a6860ef4dfaf30907fdc5e3a77a427ffc32048b42787f2ba
luna_20260928,A,wuji,95,DIRECT_AGENT,FAILURE,FORBIDDEN_CONTACT,0.9340000000000006,47.67258580005728,0.043272099923342466,47.71585789998062,20219,1835,22054,3,2,True,True,True,True,1fb0608968dc2f5d1545cc0f806d927a501215fe47ca802204006a27b6323761,5c2e1fe302ebaa93a6860ef4dfaf30907fdc5e3a77a427ffc32048b42787f2ba
luna_20260928,A,wuji,95,SKILL_AGENT,SUCCESS,,0.27800000000000025,10.486079499940388,0.020697399973869324,10.506776899914257,17824,220,18044,3,2,True,True,True,True,1fb0608968dc2f5d1545cc0f806d927a501215fe47ca802204006a27b6323761,5c2e1fe302ebaa93a6860ef4dfaf30907fdc5e3a77a427ffc32048b42787f2ba
luna_20260928,A,wuji,96,DIRECT_AGENT,SUCCESS,,2.4059999999999344,69.8776849998394,0.12345410010311753,70.00113909994252,43097,3261,46358,5,4,True,True,True,True,8bec2bc0208091151410f76fa64dda5e3098eb61be433d5e99f9b3be74b54c3f,5c2e1fe302ebaa93a6860ef4dfaf30907fdc5e3a77a427ffc32048b42787f2ba
luna_20260928,A,wuji,96,SKILL_AGENT,SUCCESS,,0.28600000000000025,21.681286899955012,0.013672800036147237,21.69495969999116,34263,378,34641,5,3,True,True,True,True,8bec2bc0208091151410f76fa64dda5e3098eb61be433d5e99f9b3be74b54c3f,5c2e1fe302ebaa93a6860ef4dfaf30907fdc5e3a77a427ffc32048b42787f2ba
luna_20260928,A,wuji,97,DIRECT_AGENT,FAILURE,FORBIDDEN_CONTACT,2.2779999999999485,35.43960489996243,0.1300026000244543,35.56960749998689,40240,1525,41765,5,4,True,True,True,True,347296bcbb20d9a8b357fc0e3b6962d3271d0a28e10b2a41487e9cfc36757bcd,5c2e1fe302ebaa93a6860ef4dfaf30907fdc5e3a77a427ffc32048b42787f2ba
luna_20260928,A,wuji,97,SKILL_AGENT,SUCCESS,,0.28800000000000026,27.49418379960116,0.01585570035967976,27.51003949996084,61164,730,61894,7,5,True,True,True,True,347296bcbb20d9a8b357fc0e3b6962d3271d0a28e10b2a41487e9cfc36757bcd,5c2e1fe302ebaa93a6860ef4dfaf30907fdc5e3a77a427ffc32048b42787f2ba
luna_20260928,A,wuji,98,DIRECT_AGENT,FAILURE,FORBIDDEN_CONTACT,1.0760000000000007,33.48567380011082,0.049367499887011945,33.53504129999783,29252,1265,30517,4,3,True,True,True,True,da689fb464546cdd672475c62346af1e6c5e77c0daa76b951c5e959ee366add0,5c2e1fe302ebaa93a6860ef4dfaf30907fdc5e3a77a427ffc32048b42787f2ba
luna_20260928,A,wuji,98,SKILL_AGENT,SUCCESS,,0.28000000000000025,9.31907149986364,0.013705000164918602,9.332776500028558,17741,159,17900,3,2,True,True,True,True,da689fb464546cdd672475c62346af1e6c5e77c0daa76b951c5e959ee366add0,5c2e1fe302ebaa93a6860ef4dfaf30907fdc5e3a77a427ffc32048b42787f2ba
luna_20260928,A,wuji,99,DIRECT_AGENT,SUCCESS,,2.1319999999999646,52.22852480004076,0.10087169997859746,52.32939650001936,53181,2065,55246,6,5,True,True,True,True,6406786925827c2b0625b4c6eae1c0c9ff93019e8afe92f25d01f4dbf73e320d,5c2e1fe302ebaa93a6860ef4dfaf30907fdc5e3a77a427ffc32048b42787f2ba
luna_20260928,A,wuji,99,SKILL_AGENT,SUCCESS,,0.28800000000000026,11.217888199957088,0.01437920005992055,11.232267400017008,26454,260,26714,4,3,True,True,True,True,6406786925827c2b0625b4c6eae1c0c9ff93019e8afe92f25d01f4dbf73e320d,5c2e1fe302ebaa93a6860ef4dfaf30907fdc5e3a77a427ffc32048b42787f2ba
luna_20260928,A,sharpa,0,DIRECT_AGENT,SUCCESS,,2.3119999999999448,25.299711999832653,0.18380010011605918,25.48351209994871,39033,911,39944,5,4,True,True,True,True,b7f5681069c0518fb6bb4ac39391fbd3c96661b19fd1524f157a58ce71f6ec85,c5d9c8724b797093b09c0be4a385be2b82de86b21103bfc03c9f6189a79e4a4f
luna_20260928,A,sharpa,0,SKILL_AGENT,SUCCESS,,0.23400000000000018,9.668328399886377,0.014532700064592063,9.68286109995097,18242,219,18461,3,2,True,True,True,True,b7f5681069c0518fb6bb4ac39391fbd3c96661b19fd1524f157a58ce71f6ec85,c5d9c8724b797093b09c0be4a385be2b82de86b21103bfc03c9f6189a79e4a4f
luna_20260928,A,sharpa,1,DIRECT_AGENT,SUCCESS,,2.9499999999998745,44.58251759991981,0.180669300025329,44.76318689994514,53989,1805,55794,6,5,True,True,True,True,39ba96cc330e62f1d29cd63a86225f8d7ca64b9d8e6d589ff894a7261aacdbc5,c5d9c8724b797093b09c0be4a385be2b82de86b21103bfc03c9f6189a79e4a4f
luna_20260928,A,sharpa,1,SKILL_AGENT,SUCCESS,,0.23800000000000018,22.14057849976234,0.015081800171174109,22.155660299933515,50083,678,50761,6,4,True,True,True,True,39ba96cc330e62f1d29cd63a86225f8d7ca64b9d8e6d589ff894a7261aacdbc5,c5d9c8724b797093b09c0be4a385be2b82de86b21103bfc03c9f6189a79e4a4f
luna_20260928,A,sharpa,2,DIRECT_AGENT,SUCCESS,,1.9459999999999849,29.070915100048296,0.10716959997080266,29.1780847000191,39515,1076,40591,5,4,True,True,True,True,7f3a405a178d32ba6d08b7a86b6f92d51c1ace0151d4de6922d8bdcde39eead8,c5d9c8724b797093b09c0be4a385be2b82de86b21103bfc03c9f6189a79e4a4f
luna_20260928,A,sharpa,2,SKILL_AGENT,SUCCESS,,0.23400000000000018,14.991837000008672,0.014893600018694997,15.006730600027367,27244,325,27569,4,2,True,True,True,True,7f3a405a178d32ba6d08b7a86b6f92d51c1ace0151d4de6922d8bdcde39eead8,c5d9c8724b797093b09c0be4a385be2b82de86b21103bfc03c9f6189a79e4a4f
luna_20260928,A,sharpa,3,DIRECT_AGENT,SUCCESS,,1.6900000000000013,30.963347899960354,0.10292600002139807,31.066273899981752,39402,1159,40561,5,4,True,True,True,True,6249fc5e24551a4c85e20c42961d9deafda76824b25ffcc5731dd2c5f947a602,c5d9c8724b797093b09c0be4a385be2b82de86b21103bfc03c9f6189a79e4a4f
luna_20260928,A,sharpa,3,SKILL_AGENT,SUCCESS,,0.23600000000000018,8.054370800033212,0.04010450001806021,8.094475300051272,10746,135,10881,2,1,True,True,True,True,6249fc5e24551a4c85e20c42961d9deafda76824b25ffcc5731dd2c5f947a602,c5d9c8724b797093b09c0be4a385be2b82de86b21103bfc03c9f6189a79e4a4f
luna_20260928,A,sharpa,4,DIRECT_AGENT,FAILURE,GOAL_NOT_REACHED_WITHIN_BUDGET,2.999999999999869,65.02717160002794,0.16431979998014867,65.19149140000809,56782,2997,59779,6,5,True,True,True,True,a173716edfbb8168d67fb1bce0c57e44562f51d779c564ac5b280e1823eefc0f,c5d9c8724b797093b09c0be4a385be2b82de86b21103bfc03c9f6189a79e4a4f
luna_20260928,A,sharpa,4,SKILL_AGENT,FAILURE,GOAL_NOT_REACHED_WITHIN_BUDGET,2.999999999999869,5.841174899949692,0.168159699998796,6.009334599948488,10722,106,10828,2,1,True,True,True,True,a173716edfbb8168d67fb1bce0c57e44562f51d779c564ac5b280e1823eefc0f,c5d9c8724b797093b09c0be4a385be2b82de86b21103bfc03c9f6189a79e4a4f
luna_20260928,A,sharpa,5,DIRECT_AGENT,FAILURE,GOAL_NOT_REACHED_WITHIN_BUDGET,2.999999999999869,55.80673469987232,0.16664440010208637,55.97337909997441,54413,2253,56666,6,5,True,True,True,True,4e89c18e2107a87e793becc28df2bb6a50e2f29d5c8c0c0837b5c485747b8da3,c5d9c8724b797093b09c0be4a385be2b82de86b21103bfc03c9f6189a79e4a4f
luna_20260928,A,sharpa,5,SKILL_AGENT,SUCCESS,,0.23800000000000018,9.460414899978787,0.019307799986563623,9.47972269996535,18158,164,18322,3,2,True,True,True,True,4e89c18e2107a87e793becc28df2bb6a50e2f29d5c8c0c0837b5c485747b8da3,c5d9c8724b797093b09c0be4a385be2b82de86b21103bfc03c9f6189a79e4a4f
luna_20260928,A,sharpa,6,DIRECT_AGENT,FAILURE,FORBIDDEN_CONTACT,1.1140000000000008,22.441958100069314,0.05925639998167753,22.50121450005099,19402,875,20277,3,2,True,True,True,True,009aa8c7bc5bf3d08a8c7099f74437724dfb59a39f2e8eb7ef9908b9a682400d,c5d9c8724b797093b09c0be4a385be2b82de86b21103bfc03c9f6189a79e4a4f
luna_20260928,A,sharpa,6,SKILL_AGENT,SUCCESS,,0.23600000000000018,19.176169000100344,0.020467799971811473,19.196636800072156,37887,538,38425,5,4,True,True,True,True,009aa8c7bc5bf3d08a8c7099f74437724dfb59a39f2e8eb7ef9908b9a682400d,c5d9c8724b797093b09c0be4a385be2b82de86b21103bfc03c9f6189a79e4a4f
luna_20260928,A,sharpa,7,DIRECT_AGENT,SUCCESS,,2.491999999999925,27.359348899917677,0.13505800010170788,27.494406900019385,39322,1044,40366,5,4,True,True,True,True,97742ab65dd806cd77cc162995a7119a7e8e644c86da4801e49938584430fbb4,c5d9c8724b797093b09c0be4a385be2b82de86b21103bfc03c9f6189a79e4a4f
luna_20260928,A,sharpa,7,SKILL_AGENT,SUCCESS,,0.23600000000000018,11.332600000081584,0.013474699924699962,11.346074700006284,18429,262,18691,3,2,True,True,True,True,97742ab65dd806cd77cc162995a7119a7e8e644c86da4801e49938584430fbb4,c5d9c8724b797093b09c0be4a385be2b82de86b21103bfc03c9f6189a79e4a4f
luna_20260928,A,sharpa,8,DIRECT_AGENT,FAILURE,GOAL_NOT_REACHED_WITHIN_BUDGET,2.999999999999869,37.925815699854866,0.10878450016025454,38.03460020001512,40693,1679,42372,5,4,True,True,True,True,3229fe0aafaf1dd31c5a03cb7b6118d600d342d4d3f995eb95193397f73fc4c2,c5d9c8724b797093b09c0be4a385be2b82de86b21103bfc03c9f6189a79e4a4f
luna_20260928,A,sharpa,8,SKILL_AGENT,SUCCESS,,0.23800000000000018,25.530246499925852,0.013824100024066865,25.54407059994992,50335,818,51153,6,4,True,True,True,True,3229fe0aafaf1dd31c5a03cb7b6118d600d342d4d3f995eb95193397f73fc4c2,c5d9c8724b797093b09c0be4a385be2b82de86b21103bfc03c9f6189a79e4a4f
luna_20260928,A,sharpa,9,DIRECT_AGENT,FAILURE,GOAL_NOT_REACHED_WITHIN_BUDGET,2.999999999999869,24.28519330022391,0.15771859977394342,24.442911899997853,53139,2134,55273,6,5,True,True,True,True,5d2131cd6905e24ba656c56fb00983815c7c81aa7668e4eb8f279a49349fa377,c5d9c8724b797093b09c0be4a385be2b82de86b21103bfc03c9f6189a79e4a4f
luna_20260928,A,sharpa,9,SKILL_AGENT,FAILURE,GOAL_NOT_REACHED_WITHIN_BUDGET,2.999999999999869,39.99405959993601,0.018824700033292174,40.0128842999693,90071,1199,91270,9,6,True,True,True,True,5d2131cd6905e24ba656c56fb00983815c7c81aa7668e4eb8f279a49349fa377,c5d9c8724b797093b09c0be4a385be2b82de86b21103bfc03c9f6189a79e4a4f
luna_20260928,A,sharpa,10,DIRECT_AGENT,FAILURE,GOAL_NOT_REACHED_WITHIN_BUDGET,2.999999999999869,61.61724090005737,0.16995219991076738,61.787193099968135,56162,2857,59019,6,5,True,True,True,True,697e5c8871141be8ae8209468d842050fe71e5eb2e7126873fefd42ff9b7eb6a,c5d9c8724b797093b09c0be4a385be2b82de86b21103bfc03c9f6189a79e4a4f
luna_20260928,A,sharpa,10,SKILL_AGENT,FAILURE,GOAL_NOT_REACHED_WITHIN_BUDGET,2.999999999999869,17.98501149995718,0.024404800031334162,18.009416299988516,21271,693,21964,3,4,True,True,True,True,697e5c8871141be8ae8209468d842050fe71e5eb2e7126873fefd42ff9b7eb6a,c5d9c8724b797093b09c0be4a385be2b82de86b21103bfc03c9f6189a79e4a4f
luna_20260928,A,sharpa,11,DIRECT_AGENT,SUCCESS,,1.6440000000000012,22.160938899964094,0.08873810002114624,22.24967699998524,28269,855,29124,4,3,True,True,True,True,e76aba2849decbf106cdb4a421e4d6f058acdce37de73598e1a80c70011a1e9e,c5d9c8724b797093b09c0be4a385be2b82de86b21103bfc03c9f6189a79e4a4f
luna_20260928,A,sharpa,11,SKILL_AGENT,SUCCESS,,0.23600000000000018,9.315825800178573,0.015059899888001382,9.330885700066574,18275,200,18475,3,2,True,True,True,True,e76aba2849decbf106cdb4a421e4d6f058acdce37de73598e1a80c70011a1e9e,c5d9c8724b797093b09c0be4a385be2b82de86b21103bfc03c9f6189a79e4a4f
luna_20260928,A,sharpa,12,DIRECT_AGENT,SUCCESS,,1.258000000000001,23.39999819989316,0.06980170006863773,23.4697998999618,28512,938,29450,4,3,True,True,True,True,dc76f6252e04d116109f5fd68bddc439c5b07cac115108840068c9949749f5e1,c5d9c8724b797093b09c0be4a385be2b82de86b21103bfc03c9f6189a79e4a4f
luna_20260928,A,sharpa,12,SKILL_AGENT,FAILURE,GOAL_NOT_REACHED_WITHIN_BUDGET,2.999999999999869,15.27685060002841,0.166578600066714,15.443429200095125,27379,458,27837,4,3,True,True,True,True,dc76f6252e04d116109f5fd68bddc439c5b07cac115108840068c9949749f5e1,c5d9c8724b797093b09c0be4a385be2b82de86b21103bfc03c9f6189a79e4a4f
luna_20260928,A,sharpa,13,DIRECT_AGENT,FAILURE,GOAL_NOT_REACHED_WITHIN_BUDGET,2.999999999999869,54.58494819968473,0.25398300029337406,54.838931199978106,68368,2193,70561,7,6,True,True,True,True,fafc46d7adc1540ca2a39fd49764c83b785f6b53eea88dd5746f365f827bb94c,c5d9c8724b797093b09c0be4a385be2b82de86b21103bfc03c9f6189a79e4a4f
luna_20260928,A,sharpa,13,SKILL_AGENT,SUCCESS,,0.23600000000000018,14.013275500037707,0.026208199909888208,14.039483699947596,35104,288,35392,5,3,True,True,True,True,fafc46d7adc1540ca2a39fd49764c83b785f6b53eea88dd5746f365f827bb94c,c5d9c8724b797093b09c0be4a385be2b82de86b21103bfc03c9f6189a79e4a4f
luna_20260928,A,sharpa,14,DIRECT_AGENT,FAILURE,GOAL_NOT_REACHED_WITHIN_BUDGET,2.999999999999869,45.5593781999778,0.19209959998261184,45.75147779996041,41313,2075,43388,5,4,True,True,True,True,dec5c1eb2d2417e99bce02e206bdc4ada885accc4b49a6cd4e62ee13083d6cf4,c5d9c8724b797093b09c0be4a385be2b82de86b21103bfc03c9f6189a79e4a4f
luna_20260928,A,sharpa,14,SKILL_AGENT,FAILURE,GOAL_NOT_REACHED_WITHIN_BUDGET,2.999999999999869,12.188606800045818,0.16262959991581738,12.351236399961635,18422,293,18715,3,2,True,True,True,True,dec5c1eb2d2417e99bce02e206bdc4ada885accc4b49a6cd4e62ee13083d6cf4,c5d9c8724b797093b09c0be4a385be2b82de86b21103bfc03c9f6189a79e4a4f
luna_20260928,A,sharpa,15,DIRECT_AGENT,SUCCESS,,2.4599999999999285,36.32345039991196,0.17027130001224577,36.49372169992421,40574,1494,42068,5,4,True,True,True,True,8f7ee032de1b1badcad34eb22904d443ca9c59ed124dc29ef506fe2f0fa97834,c5d9c8724b797093b09c0be4a385be2b82de86b21103bfc03c9f6189a79e4a4f
luna_20260928,A,sharpa,15,SKILL_AGENT,SUCCESS,,0.23800000000000018,11.422802200075239,0.0148114999756217,11.43761370005086,24688,244,24932,4,2,True,True,True,True,8f7ee032de1b1badcad34eb22904d443ca9c59ed124dc29ef506fe2f0fa97834,c5d9c8724b797093b09c0be4a385be2b82de86b21103bfc03c9f6189a79e4a4f
luna_20260928,A,sharpa,16,DIRECT_AGENT,SUCCESS,,1.9759999999999815,24.22604040009901,0.1342746999580413,24.36031510005705,28258,831,29089,4,3,True,True,True,True,f4fa9c75667369c779f47e5095add4bbed72a32f69e4aec41ef9e5836bad052f,c5d9c8724b797093b09c0be4a385be2b82de86b21103bfc03c9f6189a79e4a4f
luna_20260928,A,sharpa,16,SKILL_AGENT,SUCCESS,,0.23600000000000018,8.737934799864888,0.013406900106929243,8.751341699971817,18199,163,18362,3,2,True,True,True,True,f4fa9c75667369c779f47e5095add4bbed72a32f69e4aec41ef9e5836bad052f,c5d9c8724b797093b09c0be4a385be2b82de86b21103bfc03c9f6189a79e4a4f
luna_20260928,A,sharpa,17,DIRECT_AGENT,FAILURE,GOAL_NOT_REACHED_WITHIN_BUDGET,2.999999999999869,54.77041540015489,0.18874649982899427,54.95916189998388,67942,2222,70164,7,6,True,True,True,True,12b7c3b06ab479445820d272953339bc38106684b69fc5ecbf60b1e00e128c32,c5d9c8724b797093b09c0be4a385be2b82de86b21103bfc03c9f6189a79e4a4f
luna_20260928,A,sharpa,17,SKILL_AGENT,FAILURE,GOAL_NOT_REACHED_WITHIN_BUDGET,2.999999999999869,23.791108299978077,0.010804799967445433,23.801913099945523,45886,780,46666,6,4,True,True,True,True,12b7c3b06ab479445820d272953339bc38106684b69fc5ecbf60b1e00e128c32,c5d9c8724b797093b09c0be4a385be2b82de86b21103bfc03c9f6189a79e4a4f
luna_20260928,A,sharpa,18,DIRECT_AGENT,SUCCESS,,1.6300000000000012,29.706520300009288,0.09148339997045696,29.798003699979745,28297,853,29150,4,3,True,True,True,True,cf1859cd0f27c19ba40a7c351dfdfb79e792705b465ecc4bd600086cc19764a6,c5d9c8724b797093b09c0be4a385be2b82de86b21103bfc03c9f6189a79e4a4f
luna_20260928,A,sharpa,18,SKILL_AGENT,SUCCESS,,0.23600000000000018,12.299217599909753,0.013379400013945997,12.312596999923699,18221,199,18420,3,2,True,True,True,True,cf1859cd0f27c19ba40a7c351dfdfb79e792705b465ecc4bd600086cc19764a6,c5d9c8724b797093b09c0be4a385be2b82de86b21103bfc03c9f6189a79e4a4f
luna_20260928,A,sharpa,19,DIRECT_AGENT,FAILURE,GOAL_NOT_REACHED_WITHIN_BUDGET,2.999999999999869,42.24083280004561,0.16318979999050498,42.404022600036114,52896,1845,54741,6,5,True,True,True,True,25fcfc055a7191ddcadedc4a57fd10de0d981e98071866a2a8db848f0489f4d2,c5d9c8724b797093b09c0be4a385be2b82de86b21103bfc03c9f6189a79e4a4f
luna_20260928,A,sharpa,19,SKILL_AGENT,SUCCESS,,0.23800000000000018,8.78376069990918,0.01425020000897348,8.798010899918154,18195,169,18364,3,2,True,True,True,True,25fcfc055a7191ddcadedc4a57fd10de0d981e98071866a2a8db848f0489f4d2,c5d9c8724b797093b09c0be4a385be2b82de86b21103bfc03c9f6189a79e4a4f
luna_20260928,A,sharpa,20,DIRECT_AGENT,SUCCESS,,2.9939999999998697,47.17174819984939,0.32130130007863045,47.49304949992802,67895,1927,69822,7,6,True,True,True,True,803e24485025c0d66622046373e61a0908e384d1d659066476fe082ca268b35b,c5d9c8724b797093b09c0be4a385be2b82de86b21103bfc03c9f6189a79e4a4f
luna_20260928,A,sharpa,20,SKILL_AGENT,SUCCESS,,0.23600000000000018,8.688655300065875,0.017204100033268332,8.705859400099143,18196,161,18357,3,2,True,True,True,True,803e24485025c0d66622046373e61a0908e384d1d659066476fe082ca268b35b,c5d9c8724b797093b09c0be4a385be2b82de86b21103bfc03c9f6189a79e4a4f
luna_20260928,A,sharpa,21,DIRECT_AGENT,FAILURE,GOAL_NOT_REACHED_WITHIN_BUDGET,2.999999999999869,48.67591829993762,0.196752900024876,48.8726711999625,53704,1833,55537,6,5,True,True,True,True,5d70316ae73bd01c0f3a76c1caf04715764830b71cf84cf68317e74cfc26761a,c5d9c8724b797093b09c0be4a385be2b82de86b21103bfc03c9f6189a79e4a4f
luna_20260928,A,sharpa,21,SKILL_AGENT,SUCCESS,,0.23600000000000018,10.834965499932878,0.021387600107118487,10.856353100039996,18424,290,18714,3,2,True,True,True,True,5d70316ae73bd01c0f3a76c1caf04715764830b71cf84cf68317e74cfc26761a,c5d9c8724b797093b09c0be4a385be2b82de86b21103bfc03c9f6189a79e4a4f
luna_20260928,A,sharpa,22,DIRECT_AGENT,SUCCESS,,2.1879999999999584,42.42823900014628,0.12991249992046505,42.55815150006674,53389,1835,55224,6,5,True,True,True,True,435ab72dc4e0c3aa1db6bb0880d6d4370dafc7e3038170f5a3bbbff59e762641,c5d9c8724b797093b09c0be4a385be2b82de86b21103bfc03c9f6189a79e4a4f
luna_20260928,A,sharpa,22,SKILL_AGENT,SUCCESS,,0.23400000000000018,14.585895100026391,0.01600569998845458,14.601900800014846,37796,450,38246,5,3,True,True,True,True,435ab72dc4e0c3aa1db6bb0880d6d4370dafc7e3038170f5a3bbbff59e762641,c5d9c8724b797093b09c0be4a385be2b82de86b21103bfc03c9f6189a79e4a4f
luna_20260928,A,sharpa,23,DIRECT_AGENT,SUCCESS,,2.337999999999942,47.316647299798205,0.11839100020006299,47.43503829999827,40828,1741,42569,5,4,True,True,True,True,10f78321d5a497fcc8cc22f004c828cebde50fb6106ce4fe62324dfe99fb3f86,c5d9c8724b797093b09c0be4a385be2b82de86b21103bfc03c9f6189a79e4a4f
luna_20260928,A,sharpa,23,SKILL_AGENT,SUCCESS,,0.23600000000000018,22.577415599953383,0.01559700001962483,22.593012599973008,47126,492,47618,6,4,True,True,True,True,10f78321d5a497fcc8cc22f004c828cebde50fb6106ce4fe62324dfe99fb3f86,c5d9c8724b797093b09c0be4a385be2b82de86b21103bfc03c9f6189a79e4a4f
luna_20260928,A,sharpa,24,DIRECT_AGENT,SUCCESS,,2.5499999999999186,31.839335100143217,0.2765492998296395,32.115884399972856,40467,1377,41844,5,4,True,True,True,True,8fc98d911e45e49c90d6b8f78a5c29ef5d19e0fecc63ad167f26196309cdc270,c5d9c8724b797093b09c0be4a385be2b82de86b21103bfc03c9f6189a79e4a4f
luna_20260928,A,sharpa,24,SKILL_AGENT,SUCCESS,,0.23600000000000018,10.158075799816288,0.015363700105808675,10.173439499922097,18171,160,18331,3,2,True,True,True,True,8fc98d911e45e49c90d6b8f78a5c29ef5d19e0fecc63ad167f26196309cdc270,c5d9c8724b797093b09c0be4a385be2b82de86b21103bfc03c9f6189a79e4a4f
luna_20260928,A,sharpa,25,DIRECT_AGENT,FAILURE,FORBIDDEN_CONTACT,2.9039999999998796,48.94356040004641,0.19081770000047982,49.13437810004689,54486,1989,56475,6,5,True,True,True,True,2d0bb6375c4780fc841ecfc820e9f5e732a27227d36960205798130bf4309fed,c5d9c8724b797093b09c0be4a385be2b82de86b21103bfc03c9f6189a79e4a4f
luna_20260928,A,sharpa,25,SKILL_AGENT,SUCCESS,,0.23400000000000018,12.744944600039162,0.014737299992702901,12.759681900031865,10728,91,10819,2,1,True,True,True,True,2d0bb6375c4780fc841ecfc820e9f5e732a27227d36960205798130bf4309fed,c5d9c8724b797093b09c0be4a385be2b82de86b21103bfc03c9f6189a79e4a4f
luna_20260928,A,sharpa,26,DIRECT_AGENT,SUCCESS,,1.6520000000000012,44.86000850005075,0.6607687999494374,45.52077730000019,41033,1960,42993,5,4,True,True,True,True,aa7010e85622af265d681a292e2d06c7798895bb608b9e45c9c66231d6afbf97,c5d9c8724b797093b09c0be4a385be2b82de86b21103bfc03c9f6189a79e4a4f
luna_20260928,A,sharpa,26,SKILL_AGENT,SUCCESS,,0.23600000000000018,6.867878199904226,0.013967100065201521,6.881845299969427,10753,112,10865,2,1,True,True,True,True,aa7010e85622af265d681a292e2d06c7798895bb608b9e45c9c66231d6afbf97,c5d9c8724b797093b09c0be4a385be2b82de86b21103bfc03c9f6189a79e4a4f
luna_20260928,A,sharpa,27,DIRECT_AGENT,SUCCESS,,2.7179999999999,48.0219008999411,0.1883123000152409,48.21021319995634,53967,1952,55919,6,5,True,True,True,True,f71b903ceb8102fa6c54c942cc76e1d38ee7adc49b3c1e047304fd1c2a514e30,c5d9c8724b797093b09c0be4a385be2b82de86b21103bfc03c9f6189a79e4a4f
luna_20260928,A,sharpa,27,SKILL_AGENT,SUCCESS,,0.23400000000000018,15.83285190013703,0.02031119994353503,15.853163100080565,34902,343,35245,5,3,True,True,True,True,f71b903ceb8102fa6c54c942cc76e1d38ee7adc49b3c1e047304fd1c2a514e30,c5d9c8724b797093b09c0be4a385be2b82de86b21103bfc03c9f6189a79e4a4f
luna_20260928,A,sharpa,28,DIRECT_AGENT,FAILURE,GOAL_NOT_REACHED_WITHIN_BUDGET,2.999999999999869,51.142187900142744,0.18696309986989945,51.329151000012644,42310,2346,44656,5,4,True,True,True,True,1fc782973df3578c30c26aeb6f67e311962bcca36ad7eee16d48bffc8ea99d65,c5d9c8724b797093b09c0be4a385be2b82de86b21103bfc03c9f6189a79e4a4f
luna_20260928,A,sharpa,28,SKILL_AGENT,SUCCESS,,0.23800000000000018,17.851641300017945,0.02227149996906519,17.87391279998701,35433,523,35956,5,3,True,True,True,True,1fc782973df3578c30c26aeb6f67e311962bcca36ad7eee16d48bffc8ea99d65,c5d9c8724b797093b09c0be4a385be2b82de86b21103bfc03c9f6189a79e4a4f
luna_20260928,A,sharpa,29,DIRECT_AGENT,SUCCESS,,1.6800000000000013,29.3942574999528,0.10176650003995746,29.496023999992758,39215,1033,40248,5,4,True,True,True,True,ffbb9c0d1450f2cbe94076c4c58687fe7d8f1068a5dd90ab485aa8f0410ffdab,c5d9c8724b797093b09c0be4a385be2b82de86b21103bfc03c9f6189a79e4a4f
luna_20260928,A,sharpa,29,SKILL_AGENT,SUCCESS,,0.23600000000000018,13.66876010003034,0.022358299931511283,13.691118399961852,18182,169,18351,3,2,True,True,True,True,ffbb9c0d1450f2cbe94076c4c58687fe7d8f1068a5dd90ab485aa8f0410ffdab,c5d9c8724b797093b09c0be4a385be2b82de86b21103bfc03c9f6189a79e4a4f
luna_20260928,A,sharpa,30,DIRECT_AGENT,SUCCESS,,2.3439999999999412,21.47614689997863,0.12633220001589507,21.602479099994525,28112,758,28870,4,3,True,True,True,True,37675d4c52c3368f4f973b4c932554398ef98b5c94b72207ffbdf5870584fa64,c5d9c8724b797093b09c0be4a385be2b82de86b21103bfc03c9f6189a79e4a4f
luna_20260928,A,sharpa,30,SKILL_AGENT,SUCCESS,,0.23600000000000018,12.104652200010605,0.013350200024433434,12.118002400035039,18331,243,18574,3,2,True,True,True,True,37675d4c52c3368f4f973b4c932554398ef98b5c94b72207ffbdf5870584fa64,c5d9c8724b797093b09c0be4a385be2b82de86b21103bfc03c9f6189a79e4a4f
luna_20260928,A,sharpa,31,DIRECT_AGENT,FAILURE,GOAL_NOT_REACHED_WITHIN_BUDGET,2.999999999999869,53.24307019985281,0.16227610013447702,53.405346299987286,67680,2091,69771,7,6,True,True,True,True,d445079ba158eedf2cbfe07459c74cf9885016551b2dcdb2e6816b063ac80a0e,c5d9c8724b797093b09c0be4a385be2b82de86b21103bfc03c9f6189a79e4a4f
luna_20260928,A,sharpa,31,SKILL_AGENT,FAILURE,GOAL_NOT_REACHED_WITHIN_BUDGET,2.999999999999869,24.639518199954182,0.16789310006424785,24.80741130001843,39196,983,40179,5,4,True,True,True,True,d445079ba158eedf2cbfe07459c74cf9885016551b2dcdb2e6816b063ac80a0e,c5d9c8724b797093b09c0be4a385be2b82de86b21103bfc03c9f6189a79e4a4f
luna_20260928,A,sharpa,32,DIRECT_AGENT,SUCCESS,,1.6460000000000012,38.72981740022078,0.09686369984410703,38.82668110006489,39797,1335,41132,5,4,True,True,True,True,64936d2707995aa5a255d0809e77dd7db5e03974f392cc7044e5a9501afba980,c5d9c8724b797093b09c0be4a385be2b82de86b21103bfc03c9f6189a79e4a4f
luna_20260928,A,sharpa,32,SKILL_AGENT,SUCCESS,,0.23800000000000018,10.781029499950819,0.017186300014145672,10.798215799964964,18306,233,18539,3,2,True,True,True,True,64936d2707995aa5a255d0809e77dd7db5e03974f392cc7044e5a9501afba980,c5d9c8724b797093b09c0be4a385be2b82de86b21103bfc03c9f6189a79e4a4f
luna_20260928,A,sharpa,33,DIRECT_AGENT,SUCCESS,,2.599999999999913,36.701101800077595,0.13197289989329875,36.833074699970894,39464,1276,40740,5,4,True,True,True,True,eaf06d758519d071e4fb9bc972193c5034058eca729acac3fc51356b86f0a15b,c5d9c8724b797093b09c0be4a385be2b82de86b21103bfc03c9f6189a79e4a4f
luna_20260928,A,sharpa,33,SKILL_AGENT,SUCCESS,,0.23600000000000018,8.194076200132258,0.014859899878501892,8.20893610001076,18183,175,18358,3,2,True,True,True,True,eaf06d758519d071e4fb9bc972193c5034058eca729acac3fc51356b86f0a15b,c5d9c8724b797093b09c0be4a385be2b82de86b21103bfc03c9f6189a79e4a4f
luna_20260928,A,sharpa,34,DIRECT_AGENT,FAILURE,GOAL_NOT_REACHED_WITHIN_BUDGET,2.999999999999869,31.250114399706945,0.15774350031279027,31.407857900019735,51547,1157,52704,6,5,True,True,True,True,ab7b554c24efe87035392e302857a6e43f71d69141623dd84167ce6231adef42,c5d9c8724b797093b09c0be4a385be2b82de86b21103bfc03c9f6189a79e4a4f
luna_20260928,A,sharpa,34,SKILL_AGENT,SUCCESS,,0.23600000000000018,19.08519650006201,0.014501999947242439,19.099698500009254,37664,403,38067,5,4,True,True,True,True,ab7b554c24efe87035392e302857a6e43f71d69141623dd84167ce6231adef42,c5d9c8724b797093b09c0be4a385be2b82de86b21103bfc03c9f6189a79e4a4f
luna_20260928,A,sharpa,35,DIRECT_AGENT,SUCCESS,,2.44799999999993,28.928519899956882,0.1858007999835536,29.114320699940436,39581,1188,40769,5,4,True,True,True,True,1d2f2ebfba55d0db5f7f36eed1bcb53a1c4ed49340b16ab81ce2640925b95945,c5d9c8724b797093b09c0be4a385be2b82de86b21103bfc03c9f6189a79e4a4f
luna_20260928,A,sharpa,35,SKILL_AGENT,SUCCESS,,0.23800000000000018,6.167019299929962,0.01614980003796518,6.183169099967927,10718,92,10810,2,1,True,True,True,True,1d2f2ebfba55d0db5f7f36eed1bcb53a1c4ed49340b16ab81ce2640925b95945,c5d9c8724b797093b09c0be4a385be2b82de86b21103bfc03c9f6189a79e4a4f
luna_20260928,A,sharpa,36,DIRECT_AGENT,SUCCESS,,2.473999999999927,32.36174890003167,0.13317970000207424,32.494928600033745,39628,1144,40772,5,4,True,True,True,True,59f2667cd86237a4fa3ffcddb8d0c5323bffbb3be7cba6abb1f17302356009de,c5d9c8724b797093b09c0be4a385be2b82de86b21103bfc03c9f6189a79e4a4f
luna_20260928,A,sharpa,36,SKILL_AGENT,SUCCESS,,0.23600000000000018,9.825912599917501,0.014844600111246109,9.840757200028747,18178,165,18343,3,2,True,True,True,True,59f2667cd86237a4fa3ffcddb8d0c5323bffbb3be7cba6abb1f17302356009de,c5d9c8724b797093b09c0be4a385be2b82de86b21103bfc03c9f6189a79e4a4f
luna_20260928,A,sharpa,37,DIRECT_AGENT,SUCCESS,,2.425999999999932,36.29484880017117,0.13924159982707351,36.43409039999824,52590,1474,54064,6,5,True,True,True,True,ce1359d8db1d2bbb87bd961085495511f34dac4cd399f4c730c8936bbb415937,c5d9c8724b797093b09c0be4a385be2b82de86b21103bfc03c9f6189a79e4a4f
luna_20260928,A,sharpa,37,SKILL_AGENT,SUCCESS,,0.23800000000000018,12.647779199993238,0.021161300013773143,12.668940500007011,18205,177,18382,3,2,True,True,True,True,ce1359d8db1d2bbb87bd961085495511f34dac4cd399f4c730c8936bbb415937,c5d9c8724b797093b09c0be4a385be2b82de86b21103bfc03c9f6189a79e4a4f
luna_20260928,A,sharpa,38,DIRECT_AGENT,SUCCESS,,2.3439999999999412,27.34159000008367,0.12284839991480112,27.46443839999847,39197,1026,40223,5,4,True,True,True,True,6b696770956f15fda1439709d361a0b9617ec9d56349c183c0f03294cac5bf07,c5d9c8724b797093b09c0be4a385be2b82de86b21103bfc03c9f6189a79e4a4f
luna_20260928,A,sharpa,38,SKILL_AGENT,SUCCESS,,0.23600000000000018,8.705280900001526,0.016827399958856404,8.722108299960382,18219,165,18384,3,2,True,True,True,True,6b696770956f15fda1439709d361a0b9617ec9d56349c183c0f03294cac5bf07,c5d9c8724b797093b09c0be4a385be2b82de86b21103bfc03c9f6189a79e4a4f
luna_20260928,A,sharpa,39,DIRECT_AGENT,SUCCESS,,2.835999999999887,28.748727400088683,0.162445499910973,28.911172899999656,39109,986,40095,5,4,True,True,True,True,f9f93b2db2f0d0ab521ae86f47c267e67f2df5f8f320f3587035aea6acdeac78,c5d9c8724b797093b09c0be4a385be2b82de86b21103bfc03c9f6189a79e4a4f
luna_20260928,A,sharpa,39,SKILL_AGENT,SUCCESS,,0.23600000000000018,11.244510399992578,0.017556700040586293,11.262067100033164,18306,248,18554,3,2,True,True,True,True,f9f93b2db2f0d0ab521ae86f47c267e67f2df5f8f320f3587035aea6acdeac78,c5d9c8724b797093b09c0be4a385be2b82de86b21103bfc03c9f6189a79e4a4f
luna_20260928,A,sharpa,40,DIRECT_AGENT,SUCCESS,,2.147999999999963,24.965258300071582,0.1069651999277994,25.07222349999938,27942,646,28588,4,3,True,True,True,True,c345b2e0e55152778689831911835925a288eb150469271478235ecba184e664,c5d9c8724b797093b09c0be4a385be2b82de86b21103bfc03c9f6189a79e4a4f
luna_20260928,A,sharpa,40,SKILL_AGENT,SUCCESS,,0.23600000000000018,10.974776200018823,0.022281300043687224,10.99705750006251,18238,207,18445,3,2,True,True,True,True,c345b2e0e55152778689831911835925a288eb150469271478235ecba184e664,c5d9c8724b797093b09c0be4a385be2b82de86b21103bfc03c9f6189a79e4a4f
luna_20260928,A,sharpa,41,DIRECT_AGENT,SUCCESS,,2.925999999999877,65.57299089990556,0.1697735000634566,65.74276439996902,67204,2119,69323,7,6,True,True,True,True,3a59e3299598775e6a2ada655f733d4f73c7f652b2508a16472212f82ead32b2,c5d9c8724b797093b09c0be4a385be2b82de86b21103bfc03c9f6189a79e4a4f
luna_20260928,A,sharpa,41,SKILL_AGENT,SUCCESS,,0.3520000000000002,10.704560599871911,0.027573300059884787,10.732133899931796,18237,210,18447,3,2,True,True,True,True,3a59e3299598775e6a2ada655f733d4f73c7f652b2508a16472212f82ead32b2,c5d9c8724b797093b09c0be4a385be2b82de86b21103bfc03c9f6189a79e4a4f
luna_20260928,A,sharpa,42,DIRECT_AGENT,FAILURE,GOAL_NOT_REACHED_WITHIN_BUDGET,2.999999999999869,70.60817919985857,0.15589420008473098,70.7640733999433,69707,2923,72630,7,6,True,True,True,True,5318848c12ee10675950c01a4075e0f741c5245059965eda605fbf729fb34e2d,c5d9c8724b797093b09c0be4a385be2b82de86b21103bfc03c9f6189a79e4a4f
luna_20260928,A,sharpa,42,SKILL_AGENT,SUCCESS,,0.25800000000000023,9.758384900051169,0.01952740002889186,9.777912300080061,18192,192,18384,3,2,True,True,True,True,5318848c12ee10675950c01a4075e0f741c5245059965eda605fbf729fb34e2d,c5d9c8724b797093b09c0be4a385be2b82de86b21103bfc03c9f6189a79e4a4f
luna_20260928,A,sharpa,43,DIRECT_AGENT,SUCCESS,,2.271999999999949,36.68394979997538,0.11239090003073215,36.79634070000611,40522,1501,42023,5,4,True,True,True,True,fef14bf8f400c3aac09cb3892956efcb2e8b313434a19fd9b1eb5bb47b82f057,c5d9c8724b797093b09c0be4a385be2b82de86b21103bfc03c9f6189a79e4a4f
luna_20260928,A,sharpa,43,SKILL_AGENT,SUCCESS,,0.23400000000000018,18.86664600018412,0.019791399827226996,18.886437400011346,46888,415,47303,6,3,True,True,True,True,fef14bf8f400c3aac09cb3892956efcb2e8b313434a19fd9b1eb5bb47b82f057,c5d9c8724b797093b09c0be4a385be2b82de86b21103bfc03c9f6189a79e4a4f
luna_20260928,A,sharpa,44,DIRECT_AGENT,SUCCESS,,1.6380000000000012,36.196741800173186,0.08312489977106452,36.27986669994425,39847,1240,41087,5,4,True,True,True,True,0c030f792f3cf1f27c497112f46aa1d12cd2ed41acd6470d5af3dad69256d9fa,c5d9c8724b797093b09c0be4a385be2b82de86b21103bfc03c9f6189a79e4a4f
luna_20260928,A,sharpa,44,SKILL_AGENT,SUCCESS,,0.23400000000000018,22.428476699860767,0.01560030016116798,22.444077000021935,49735,522,50257,6,4,True,True,True,True,0c030f792f3cf1f27c497112f46aa1d12cd2ed41acd6470d5af3dad69256d9fa,c5d9c8724b797093b09c0be4a385be2b82de86b21103bfc03c9f6189a79e4a4f
luna_20260928,A,sharpa,45,DIRECT_AGENT,SUCCESS,,2.4599999999999285,26.663340099854395,0.12372700008563697,26.78706709994003,39279,1002,40281,5,4,True,True,True,True,d87cc29476b9dbed4555becada6b4b923f614eb85c708c243cfa4803a51385a7,c5d9c8724b797093b09c0be4a385be2b82de86b21103bfc03c9f6189a79e4a4f
luna_20260928,A,sharpa,45,SKILL_AGENT,SUCCESS,,0.23400000000000018,30.40090009989217,0.013371400069445372,30.414271499961615,47058,434,47492,6,3,True,True,True,True,d87cc29476b9dbed4555becada6b4b923f614eb85c708c243cfa4803a51385a7,c5d9c8724b797093b09c0be4a385be2b82de86b21103bfc03c9f6189a79e4a4f
luna_20260928,A,sharpa,46,DIRECT_AGENT,FAILURE,GOAL_NOT_REACHED_WITHIN_BUDGET,2.999999999999869,70.56933800003026,0.15535029990132898,70.72468829993159,54754,2693,57447,6,5,True,True,True,True,bea1b05e44a2fe2fb664ea1af26a8359245d6b2f7a3953a3864d8440d9d04bfe,c5d9c8724b797093b09c0be4a385be2b82de86b21103bfc03c9f6189a79e4a4f
luna_20260928,A,sharpa,46,SKILL_AGENT,FAILURE,GOAL_NOT_REACHED_WITHIN_BUDGET,2.999999999999869,10.185400300077163,0.005286399973556399,10.190686700050719,18212,272,18484,3,2,True,True,True,True,bea1b05e44a2fe2fb664ea1af26a8359245d6b2f7a3953a3864d8440d9d04bfe,c5d9c8724b797093b09c0be4a385be2b82de86b21103bfc03c9f6189a79e4a4f
luna_20260928,A,sharpa,47,DIRECT_AGENT,SUCCESS,,2.9239999999998774,40.38139350002166,0.1518612999934703,40.53325480001513,52349,1486,53835,6,5,True,True,True,True,a3fa763bdbc3d782534278b9cfc56651141cc057d1e740f95487a07470b2a579,c5d9c8724b797093b09c0be4a385be2b82de86b21103bfc03c9f6189a79e4a4f
luna_20260928,A,sharpa,47,SKILL_AGENT,SUCCESS,,0.23800000000000018,21.576050800154917,0.014573899912647903,21.590624700067565,49881,677,50558,6,4,True,True,True,True,a3fa763bdbc3d782534278b9cfc56651141cc057d1e740f95487a07470b2a579,c5d9c8724b797093b09c0be4a385be2b82de86b21103bfc03c9f6189a79e4a4f
luna_20260928,A,sharpa,48,DIRECT_AGENT,FAILURE,GOAL_NOT_REACHED_WITHIN_BUDGET,2.999999999999869,47.83757080009673,0.15104989986866713,47.988620699965395,53425,1909,55334,6,5,True,True,True,True,e66577aaa8a8eae3728ba75963d8321b8163f3f74d65796f46fe5ebb21b3874c,c5d9c8724b797093b09c0be4a385be2b82de86b21103bfc03c9f6189a79e4a4f
luna_20260928,A,sharpa,48,SKILL_AGENT,FAILURE,GOAL_NOT_REACHED_WITHIN_BUDGET,2.999999999999869,26.76290979993064,0.0007870000554248691,26.763696799986064,78204,807,79011,8,6,True,True,True,True,e66577aaa8a8eae3728ba75963d8321b8163f3f74d65796f46fe5ebb21b3874c,c5d9c8724b797093b09c0be4a385be2b82de86b21103bfc03c9f6189a79e4a4f
luna_20260928,A,sharpa,49,DIRECT_AGENT,SUCCESS,,2.4399999999999307,29.210020200000145,0.12926199997309595,29.33928219997324,39631,1114,40745,5,4,True,True,True,True,3c9f71a4987cba08f995d3562e98ff9c0b57612870f241668961f88ccadfab6f,c5d9c8724b797093b09c0be4a385be2b82de86b21103bfc03c9f6189a79e4a4f
luna_20260928,A,sharpa,49,SKILL_AGENT,SUCCESS,,0.23800000000000018,16.70873129996471,0.016864000004716218,16.725595299969427,27226,338,27564,4,3,True,True,True,True,3c9f71a4987cba08f995d3562e98ff9c0b57612870f241668961f88ccadfab6f,c5d9c8724b797093b09c0be4a385be2b82de86b21103bfc03c9f6189a79e4a4f
luna_20260928,A,sharpa,50,DIRECT_AGENT,SUCCESS,,2.425999999999932,32.33320179989096,0.1204919001320377,32.453693700022995,39471,1073,40544,5,4,True,True,True,True,d510dcb13d839afebbabd96353881c0b8beb21dac9aefa7545b3cf01f270206c,c5d9c8724b797093b09c0be4a385be2b82de86b21103bfc03c9f6189a79e4a4f
luna_20260928,A,sharpa,50,SKILL_AGENT,SUCCESS,,0.23800000000000018,10.617594900075346,0.020690699922852218,10.638285599998198,18295,235,18530,3,2,True,True,True,True,d510dcb13d839afebbabd96353881c0b8beb21dac9aefa7545b3cf01f270206c,c5d9c8724b797093b09c0be4a385be2b82de86b21103bfc03c9f6189a79e4a4f
luna_20260928,A,sharpa,51,DIRECT_AGENT,FAILURE,GOAL_NOT_REACHED_WITHIN_BUDGET,2.999999999999869,47.882311899913475,0.1343167000450194,48.016628599958494,28857,2213,31070,4,3,True,True,True,True,df01914620cd65cc3e9a3b5357842e35fbd619d25e007b07bb6f0f218bf5042b,c5d9c8724b797093b09c0be4a385be2b82de86b21103bfc03c9f6189a79e4a4f
luna_20260928,A,sharpa,51,SKILL_AGENT,FAILURE,GOAL_NOT_REACHED_WITHIN_BUDGET,2.999999999999869,19.543841799837537,0.013388500083237886,19.557230299920775,27682,661,28343,4,3,True,True,True,True,df01914620cd65cc3e9a3b5357842e35fbd619d25e007b07bb6f0f218bf5042b,c5d9c8724b797093b09c0be4a385be2b82de86b21103bfc03c9f6189a79e4a4f
luna_20260928,A,sharpa,52,DIRECT_AGENT,FAILURE,FORBIDDEN_CONTACT,1.294000000000001,38.12895969999954,0.06542919995263219,38.19438889995217,29892,1422,31314,4,3,True,True,True,True,e5eaa3437e0974e8e99d4f67511741ffead41dcbddd5aa45ca686661eadc5515,c5d9c8724b797093b09c0be4a385be2b82de86b21103bfc03c9f6189a79e4a4f
luna_20260928,A,sharpa,52,SKILL_AGENT,SUCCESS,,0.23600000000000018,8.267637199955061,0.018192600109614432,8.285829800064676,18190,173,18363,3,2,True,True,True,True,e5eaa3437e0974e8e99d4f67511741ffead41dcbddd5aa45ca686661eadc5515,c5d9c8724b797093b09c0be4a385be2b82de86b21103bfc03c9f6189a79e4a4f
luna_20260928,A,sharpa,53,DIRECT_AGENT,FAILURE,FORBIDDEN_CONTACT,1.0940000000000007,51.65592079993803,0.05382350005675107,51.70974429999478,41011,2059,43070,5,4,True,True,True,True,b4b9f5bbcd5548d28b9e95b862963148346a66b2533b63a3421f57e1820b205c,c5d9c8724b797093b09c0be4a385be2b82de86b21103bfc03c9f6189a79e4a4f
luna_20260928,A,sharpa,53,SKILL_AGENT,SUCCESS,,0.23600000000000018,5.590161399915814,0.01390950009226799,5.604070900008082,10704,95,10799,2,1,True,True,True,True,b4b9f5bbcd5548d28b9e95b862963148346a66b2533b63a3421f57e1820b205c,c5d9c8724b797093b09c0be4a385be2b82de86b21103bfc03c9f6189a79e4a4f
luna_20260928,A,sharpa,54,DIRECT_AGENT,FAILURE,GOAL_NOT_REACHED_WITHIN_BUDGET,2.999999999999869,40.68373860011343,0.14843219995964319,40.83217080007307,52505,1559,54064,6,5,True,True,True,True,0e94d9cb8f66d4355edb5a35333a16198511ca1a4b7bc9e28eccb30f2c90a0b1,c5d9c8724b797093b09c0be4a385be2b82de86b21103bfc03c9f6189a79e4a4f
luna_20260928,A,sharpa,54,SKILL_AGENT,SUCCESS,,0.23400000000000018,15.301128700142726,0.016333799925632775,15.317462500068359,35337,362,35699,5,3,True,True,True,True,0e94d9cb8f66d4355edb5a35333a16198511ca1a4b7bc9e28eccb30f2c90a0b1,c5d9c8724b797093b09c0be4a385be2b82de86b21103bfc03c9f6189a79e4a4f
luna_20260928,A,sharpa,55,DIRECT_AGENT,SUCCESS,,2.1139999999999666,50.691899499855936,0.1233640001155436,50.81526349997148,55238,2324,57562,6,5,True,True,True,True,0c1b7020e9c64c4950cd9bee9c7c56b008b6e20d17fec79623a76f942af98830,c5d9c8724b797093b09c0be4a385be2b82de86b21103bfc03c9f6189a79e4a4f
luna_20260928,A,sharpa,55,SKILL_AGENT,SUCCESS,,0.23600000000000018,12.11990859999787,0.01990209997165948,12.13981069996953,24656,246,24902,4,2,True,True,True,True,0c1b7020e9c64c4950cd9bee9c7c56b008b6e20d17fec79623a76f942af98830,c5d9c8724b797093b09c0be4a385be2b82de86b21103bfc03c9f6189a79e4a4f
luna_20260928,A,sharpa,56,DIRECT_AGENT,FAILURE,GOAL_NOT_REACHED_WITHIN_BUDGET,2.999999999999869,51.23583200003486,0.5840593000175431,51.819891300052404,54742,2326,57068,6,5,True,True,True,True,439b64b2998fc1ff3f7804dfd6ac6f083235e2b33443992beb08331490f216cf,c5d9c8724b797093b09c0be4a385be2b82de86b21103bfc03c9f6189a79e4a4f
luna_20260928,A,sharpa,56,SKILL_AGENT,SUCCESS,,0.3600000000000002,11.515370199922472,0.026451800018548965,11.541821999941021,18291,245,18536,3,2,True,True,True,True,439b64b2998fc1ff3f7804dfd6ac6f083235e2b33443992beb08331490f216cf,c5d9c8724b797093b09c0be4a385be2b82de86b21103bfc03c9f6189a79e4a4f
luna_20260928,A,sharpa,57,DIRECT_AGENT,SUCCESS,,1.7360000000000013,20.78872219985351,0.08745380013715476,20.876175999990664,28119,807,28926,4,3,True,True,True,True,3523a2eeffa57828bf090aa4512174211a8eefbbbf1825d79ac27ecacc0fec91,c5d9c8724b797093b09c0be4a385be2b82de86b21103bfc03c9f6189a79e4a4f
luna_20260928,A,sharpa,57,SKILL_AGENT,SUCCESS,,0.23800000000000018,5.795448200078681,0.014428699971176684,5.809876900049858,10708,86,10794,2,1,True,True,True,True,3523a2eeffa57828bf090aa4512174211a8eefbbbf1825d79ac27ecacc0fec91,c5d9c8724b797093b09c0be4a385be2b82de86b21103bfc03c9f6189a79e4a4f
luna_20260928,A,sharpa,58,DIRECT_AGENT,SUCCESS,,1.808,30.48455910012126,0.5900434999493882,31.074602600070648,39650,1199,40849,5,4,True,True,True,True,4aa8d461c143549924b69b9304a5b3f0d2277aac60b6b1ee6d7d79e68246e2c6,c5d9c8724b797093b09c0be4a385be2b82de86b21103bfc03c9f6189a79e4a4f
luna_20260928,A,sharpa,58,SKILL_AGENT,SUCCESS,,0.23600000000000018,22.174476000131108,0.013478099834173918,22.187954099965282,47117,471,47588,6,4,True,True,True,True,4aa8d461c143549924b69b9304a5b3f0d2277aac60b6b1ee6d7d79e68246e2c6,c5d9c8724b797093b09c0be4a385be2b82de86b21103bfc03c9f6189a79e4a4f
luna_20260928,A,sharpa,59,DIRECT_AGENT,SUCCESS,,1.7640000000000013,34.51584610005375,0.08691389998421073,34.60276000003796,28937,1281,30218,4,3,True,True,True,True,49838f7acbe4f770bc0de2babe37d0fac8aa246c954c3674efdaa8624517e5af,c5d9c8724b797093b09c0be4a385be2b82de86b21103bfc03c9f6189a79e4a4f
luna_20260928,A,sharpa,59,SKILL_AGENT,SUCCESS,,0.23800000000000018,12.882466900162399,0.014787499909289181,12.897254400071688,27406,342,27748,4,3,True,True,True,True,49838f7acbe4f770bc0de2babe37d0fac8aa246c954c3674efdaa8624517e5af,c5d9c8724b797093b09c0be4a385be2b82de86b21103bfc03c9f6189a79e4a4f
luna_20260928,A,sharpa,60,DIRECT_AGENT,SUCCESS,,2.4599999999999285,36.86590030021034,0.13834079983644187,37.004241100046784,40150,1306,41456,5,4,True,True,True,True,92a74c2f79becd8564048df1580298f8c3542f53e45a0d97e9851efe9afdb7bd,c5d9c8724b797093b09c0be4a385be2b82de86b21103bfc03c9f6189a79e4a4f
luna_20260928,A,sharpa,60,SKILL_AGENT,SUCCESS,,0.23600000000000018,10.83593919989653,0.019777800072915852,10.855716999969445,18327,239,18566,3,2,True,True,True,True,92a74c2f79becd8564048df1580298f8c3542f53e45a0d97e9851efe9afdb7bd,c5d9c8724b797093b09c0be4a385be2b82de86b21103bfc03c9f6189a79e4a4f
luna_20260928,A,sharpa,61,DIRECT_AGENT,FAILURE,GOAL_NOT_REACHED_WITHIN_BUDGET,2.999999999999869,52.83371550019365,0.1547618998447433,52.98847740003839,55106,2389,57495,6,5,True,True,True,True,c020a0990849b08e63104806b30461b5b896458c92a9ea3c4ed7e2ee4ad0f7c2,c5d9c8724b797093b09c0be4a385be2b82de86b21103bfc03c9f6189a79e4a4f
luna_20260928,A,sharpa,61,SKILL_AGENT,SUCCESS,,0.23800000000000018,33.89804780005943,0.013971899985335767,33.912019700044766,75675,781,76456,8,5,True,True,True,True,c020a0990849b08e63104806b30461b5b896458c92a9ea3c4ed7e2ee4ad0f7c2,c5d9c8724b797093b09c0be4a385be2b82de86b21103bfc03c9f6189a79e4a4f
luna_20260928,A,sharpa,62,DIRECT_AGENT,SUCCESS,,1.6200000000000012,31.043027799925767,0.08952890010550618,31.132556700031273,39977,1258,41235,5,4,True,True,True,True,37368449b21aa0bea43721649220d5ba4fc4b3575b5fe035f638d8a73fb00ce6,c5d9c8724b797093b09c0be4a385be2b82de86b21103bfc03c9f6189a79e4a4f
luna_20260928,A,sharpa,62,SKILL_AGENT,SUCCESS,,0.23600000000000018,24.263681499985978,0.019876600010320544,24.2835580999963,60790,656,61446,7,5,True,True,True,True,37368449b21aa0bea43721649220d5ba4fc4b3575b5fe035f638d8a73fb00ce6,c5d9c8724b797093b09c0be4a385be2b82de86b21103bfc03c9f6189a79e4a4f
luna_20260928,A,sharpa,63,DIRECT_AGENT,SUCCESS,,1.971999999999982,21.641388400108553,0.11941579985432327,21.760804199962877,28358,850,29208,4,3,True,True,True,True,b2533f866391642f5410cbf011ffce3394d4c44f239b7b44293352e0d4e53efe,c5d9c8724b797093b09c0be4a385be2b82de86b21103bfc03c9f6189a79e4a4f
luna_20260928,A,sharpa,63,SKILL_AGENT,SUCCESS,,0.24000000000000019,12.480869799968787,0.021193800028413534,12.5020635999972,27276,294,27570,4,3,True,True,True,True,b2533f866391642f5410cbf011ffce3394d4c44f239b7b44293352e0d4e53efe,c5d9c8724b797093b09c0be4a385be2b82de86b21103bfc03c9f6189a79e4a4f
luna_20260928,A,sharpa,64,DIRECT_AGENT,FAILURE,GOAL_NOT_REACHED_WITHIN_BUDGET,2.999999999999869,64.31758689996786,0.15549210004974157,64.4730790000176,86447,2890,89337,8,7,True,True,True,True,96fa78716b4cdffaebb5e1712491fe82afb81f0726784fa56af64aa9c0ec0adf,c5d9c8724b797093b09c0be4a385be2b82de86b21103bfc03c9f6189a79e4a4f
luna_20260928,A,sharpa,64,SKILL_AGENT,FAILURE,GOAL_NOT_REACHED_WITHIN_BUDGET,2.999999999999869,11.697380000026897,0.22257450001779944,11.919954500044696,18429,294,18723,3,2,True,True,True,True,96fa78716b4cdffaebb5e1712491fe82afb81f0726784fa56af64aa9c0ec0adf,c5d9c8724b797093b09c0be4a385be2b82de86b21103bfc03c9f6189a79e4a4f
luna_20260928,A,sharpa,65,DIRECT_AGENT,SUCCESS,,1.1800000000000008,36.86315529991407,0.0645628001075238,36.92771810002159,29520,1664,31184,4,3,True,True,True,True,c85d4408fd8449d08ba5d3c21f1511c6609d021797a786caa08a6f9bf0782a36,c5d9c8724b797093b09c0be4a385be2b82de86b21103bfc03c9f6189a79e4a4f
luna_20260928,A,sharpa,65,SKILL_AGENT,SUCCESS,,0.23600000000000018,14.605790499830619,0.015337300137616694,14.621127799968235,27249,287,27536,4,3,True,True,True,True,c85d4408fd8449d08ba5d3c21f1511c6609d021797a786caa08a6f9bf0782a36,c5d9c8724b797093b09c0be4a385be2b82de86b21103bfc03c9f6189a79e4a4f
luna_20260928,A,sharpa,66,DIRECT_AGENT,FAILURE,GOAL_NOT_REACHED_WITHIN_BUDGET,2.999999999999869,51.51322500000242,0.1489792000502348,51.662204200052656,55002,2225,57227,6,5,True,True,True,True,697a28d44c1780358024a83268c2bb27ab81626b25193234e8d19f94f61a3b5d,c5d9c8724b797093b09c0be4a385be2b82de86b21103bfc03c9f6189a79e4a4f
luna_20260928,A,sharpa,66,SKILL_AGENT,FAILURE,GOAL_NOT_REACHED_WITHIN_BUDGET,2.999999999999869,9.54170860000886,0.1599931000964716,9.701701700105332,18214,232,18446,3,2,True,True,True,True,697a28d44c1780358024a83268c2bb27ab81626b25193234e8d19f94f61a3b5d,c5d9c8724b797093b09c0be4a385be2b82de86b21103bfc03c9f6189a79e4a4f
luna_20260928,A,sharpa,67,DIRECT_AGENT,SUCCESS,,2.2599999999999505,33.05451219982933,0.1339378000702709,33.1884499998996,39693,1194,40887,5,4,True,True,True,True,9d3b3ed15bd23ca9c8a6133d21f744a6831c3c697c05789f7ca7e635336c7e58,c5d9c8724b797093b09c0be4a385be2b82de86b21103bfc03c9f6189a79e4a4f
luna_20260928,A,sharpa,67,SKILL_AGENT,SUCCESS,,0.23400000000000018,18.697793400031514,0.03210790001321584,18.72990130004473,37843,477,38320,5,3,True,True,True,True,9d3b3ed15bd23ca9c8a6133d21f744a6831c3c697c05789f7ca7e635336c7e58,c5d9c8724b797093b09c0be4a385be2b82de86b21103bfc03c9f6189a79e4a4f
luna_20260928,A,sharpa,68,DIRECT_AGENT,SUCCESS,,2.6519999999999073,32.83446849999018,0.14253159996587783,32.97700009995606,40089,1378,41467,5,4,True,True,True,True,cc60091cfd2b1377a494c0c3e4ddd80d6a3bca30850c73df8c6cdbd6a39af6b7,c5d9c8724b797093b09c0be4a385be2b82de86b21103bfc03c9f6189a79e4a4f
luna_20260928,A,sharpa,68,SKILL_AGENT,SUCCESS,,0.23800000000000018,9.265662799822167,0.014116800157353282,9.27977959997952,18219,169,18388,3,2,True,True,True,True,cc60091cfd2b1377a494c0c3e4ddd80d6a3bca30850c73df8c6cdbd6a39af6b7,c5d9c8724b797093b09c0be4a385be2b82de86b21103bfc03c9f6189a79e4a4f
luna_20260928,A,sharpa,69,DIRECT_AGENT,SUCCESS,,2.7159999999999003,38.916053099907,0.15871180011890829,39.07476490002591,40278,1605,41883,5,4,True,True,True,True,696f10d0e36619651e410355a6289b4a725f030e7c5a2d24c5c4082e1e0cb86f,c5d9c8724b797093b09c0be4a385be2b82de86b21103bfc03c9f6189a79e4a4f
luna_20260928,A,sharpa,69,SKILL_AGENT,SUCCESS,,0.23600000000000018,8.31458229990676,0.015613400028087199,8.330195699934848,18182,180,18362,3,2,True,True,True,True,696f10d0e36619651e410355a6289b4a725f030e7c5a2d24c5c4082e1e0cb86f,c5d9c8724b797093b09c0be4a385be2b82de86b21103bfc03c9f6189a79e4a4f
luna_20260928,A,sharpa,70,DIRECT_AGENT,SUCCESS,,2.8399999999998866,41.80143700004555,0.15632079995702952,41.95775780000258,66657,1689,68346,7,6,True,True,True,True,cbc8e14dff8c2f5be99511763e68fbd260c1d3da4ea079e20e656848363760f7,c5d9c8724b797093b09c0be4a385be2b82de86b21103bfc03c9f6189a79e4a4f
luna_20260928,A,sharpa,70,SKILL_AGENT,SUCCESS,,0.23600000000000018,9.774990300065838,0.015090699889697134,9.790080999955535,18264,209,18473,3,2,True,True,True,True,cbc8e14dff8c2f5be99511763e68fbd260c1d3da4ea079e20e656848363760f7,c5d9c8724b797093b09c0be4a385be2b82de86b21103bfc03c9f6189a79e4a4f
luna_20260928,A,sharpa,71,DIRECT_AGENT,SUCCESS,,2.0679999999999716,31.27884920022916,0.11282699985895306,31.391676200088114,38875,985,39860,5,4,True,True,True,True,f5b5c2dc442a648d5a68f63e68113dd949558cd545b8402e32447d6022a55849,c5d9c8724b797093b09c0be4a385be2b82de86b21103bfc03c9f6189a79e4a4f
luna_20260928,A,sharpa,71,SKILL_AGENT,SUCCESS,,0.23600000000000018,6.219294400070794,0.015573499957099557,6.2348679000278935,10709,96,10805,2,1,True,True,True,True,f5b5c2dc442a648d5a68f63e68113dd949558cd545b8402e32447d6022a55849,c5d9c8724b797093b09c0be4a385be2b82de86b21103bfc03c9f6189a79e4a4f
luna_20260928,A,sharpa,72,DIRECT_AGENT,FAILURE,GOAL_NOT_REACHED_WITHIN_BUDGET,2.999999999999869,57.5946401997935,0.13157260022126138,57.726212800014764,55485,2378,57863,6,5,True,True,True,True,8af2a7739772bdebaafd51796be8c503d1cb69b167caf4ec95c4a589d0d6d6b2,c5d9c8724b797093b09c0be4a385be2b82de86b21103bfc03c9f6189a79e4a4f
luna_20260928,A,sharpa,72,SKILL_AGENT,FAILURE,GOAL_NOT_REACHED_WITHIN_BUDGET,2.999999999999869,34.7721716001397,0.02365829993505031,34.79582990007475,59627,1043,60670,7,5,True,True,True,True,8af2a7739772bdebaafd51796be8c503d1cb69b167caf4ec95c4a589d0d6d6b2,c5d9c8724b797093b09c0be4a385be2b82de86b21103bfc03c9f6189a79e4a4f
luna_20260928,A,sharpa,73,DIRECT_AGENT,FAILURE,GOAL_NOT_REACHED_WITHIN_BUDGET,2.999999999999869,32.344872599933296,0.165919000050053,32.51079159998335,40066,1292,41358,5,4,True,True,True,True,b6ced86ccfc97cb0d0f8abff4f3e635bd4a7f969be9d1faa0ebf999937e51688,c5d9c8724b797093b09c0be4a385be2b82de86b21103bfc03c9f6189a79e4a4f
luna_20260928,A,sharpa,73,SKILL_AGENT,SUCCESS,,0.23400000000000018,23.51923570013605,0.019994199858047068,23.539229899994098,49847,596,50443,6,5,True,True,True,True,b6ced86ccfc97cb0d0f8abff4f3e635bd4a7f969be9d1faa0ebf999937e51688,c5d9c8724b797093b09c0be4a385be2b82de86b21103bfc03c9f6189a79e4a4f
luna_20260928,A,sharpa,74,DIRECT_AGENT,FAILURE,GOAL_NOT_REACHED_WITHIN_BUDGET,2.999999999999869,51.06225159985479,0.16277620010077953,51.22502779995557,54891,2197,57088,6,5,True,True,True,True,0c324b20af14206eb23e790166fcedc99451fe5b26d38a0092ee23cb646b2753,c5d9c8724b797093b09c0be4a385be2b82de86b21103bfc03c9f6189a79e4a4f
luna_20260928,A,sharpa,74,SKILL_AGENT,FAILURE,GOAL_NOT_REACHED_WITHIN_BUDGET,2.999999999999869,7.275333400000818,0.2102739999536425,7.485607399954461,10712,158,10870,2,1,True,True,True,True,0c324b20af14206eb23e790166fcedc99451fe5b26d38a0092ee23cb646b2753,c5d9c8724b797093b09c0be4a385be2b82de86b21103bfc03c9f6189a79e4a4f
luna_20260928,A,sharpa,75,DIRECT_AGENT,SUCCESS,,2.4779999999999265,33.88710470008664,0.1320949998917058,34.019199699978344,39530,1139,40669,5,4,True,True,True,True,49d6be51da4ff1e4ce8eabb5b168cf5fbeaa0d3c8c7dd92451c270000f5b7e7e,c5d9c8724b797093b09c0be4a385be2b82de86b21103bfc03c9f6189a79e4a4f
luna_20260928,A,sharpa,75,SKILL_AGENT,SUCCESS,,0.23400000000000018,20.560673200059682,0.015572099946439266,20.57624530000612,47002,472,47474,6,3,True,True,True,True,49d6be51da4ff1e4ce8eabb5b168cf5fbeaa0d3c8c7dd92451c270000f5b7e7e,c5d9c8724b797093b09c0be4a385be2b82de86b21103bfc03c9f6189a79e4a4f
luna_20260928,A,sharpa,76,DIRECT_AGENT,SUCCESS,,2.6339999999999093,33.74729600001592,0.12959249992854893,33.87688849994447,51540,1218,52758,6,5,True,True,True,True,3c06e9b1129749522943df0f0b4502f48abd9925147065c701b1be5af80e9739,c5d9c8724b797093b09c0be4a385be2b82de86b21103bfc03c9f6189a79e4a4f
luna_20260928,A,sharpa,76,SKILL_AGENT,SUCCESS,,0.24000000000000019,9.552062400034629,0.01553610002156347,9.567598500056192,18228,167,18395,3,2,True,True,True,True,3c06e9b1129749522943df0f0b4502f48abd9925147065c701b1be5af80e9739,c5d9c8724b797093b09c0be4a385be2b82de86b21103bfc03c9f6189a79e4a4f
luna_20260928,A,sharpa,77,DIRECT_AGENT,FAILURE,GOAL_NOT_REACHED_WITHIN_BUDGET,2.999999999999869,44.20237369986717,0.15464810014236718,44.357021800009534,67364,1900,69264,7,6,True,True,True,True,e32b4139029b93305ed500a5bd0d268419047611faaaab641bc88d21c167219f,c5d9c8724b797093b09c0be4a385be2b82de86b21103bfc03c9f6189a79e4a4f
luna_20260928,A,sharpa,77,SKILL_AGENT,SUCCESS,,0.23400000000000018,9.042601999943145,0.020504500018432736,9.063106499961577,18225,191,18416,3,2,True,True,True,True,e32b4139029b93305ed500a5bd0d268419047611faaaab641bc88d21c167219f,c5d9c8724b797093b09c0be4a385be2b82de86b21103bfc03c9f6189a79e4a4f
luna_20260928,A,sharpa,78,DIRECT_AGENT,SUCCESS,,2.437999999999931,27.5216699000448,0.11988659994676709,27.641556499991566,39288,1075,40363,5,4,True,True,True,True,27d12974a223ad0065e4ca2bfd74688b8c340987d2e18896d5870cda240339dd,c5d9c8724b797093b09c0be4a385be2b82de86b21103bfc03c9f6189a79e4a4f
luna_20260928,A,sharpa,78,SKILL_AGENT,SUCCESS,,0.23600000000000018,11.50037660007365,0.015609399997629225,11.51598600007128,18332,268,18600,3,2,True,True,True,True,27d12974a223ad0065e4ca2bfd74688b8c340987d2e18896d5870cda240339dd,c5d9c8724b797093b09c0be4a385be2b82de86b21103bfc03c9f6189a79e4a4f
luna_20260928,A,sharpa,79,DIRECT_AGENT,FAILURE,GOAL_NOT_REACHED_WITHIN_BUDGET,2.999999999999869,45.93269789998885,0.14799219998531044,46.08069009997416,40691,2055,42746,5,4,True,True,True,True,19f3ed720f894cb4f6ee9b1ce313bf6c2c5dd86cd1f918d46fabdf79d348a789,c5d9c8724b797093b09c0be4a385be2b82de86b21103bfc03c9f6189a79e4a4f
luna_20260928,A,sharpa,79,SKILL_AGENT,FAILURE,GOAL_NOT_REACHED_WITHIN_BUDGET,2.999999999999869,20.19212650018744,0.17391699983272702,20.36604350002017,27988,555,28543,4,3,True,True,True,True,19f3ed720f894cb4f6ee9b1ce313bf6c2c5dd86cd1f918d46fabdf79d348a789,c5d9c8724b797093b09c0be4a385be2b82de86b21103bfc03c9f6189a79e4a4f
luna_20260928,A,sharpa,80,DIRECT_AGENT,FAILURE,GOAL_NOT_REACHED_WITHIN_BUDGET,2.999999999999869,51.80643779982347,0.17105810018256307,51.97749590000603,69369,2301,71670,7,6,True,True,True,True,206798f41814552a16a8f280b807102805631c591f54dcbae220591e0c752bf5,c5d9c8724b797093b09c0be4a385be2b82de86b21103bfc03c9f6189a79e4a4f
luna_20260928,A,sharpa,80,SKILL_AGENT,SUCCESS,,0.42000000000000026,21.121285000117496,0.026283699902705848,21.1475687000202,37998,499,38497,5,3,True,True,True,True,206798f41814552a16a8f280b807102805631c591f54dcbae220591e0c752bf5,c5d9c8724b797093b09c0be4a385be2b82de86b21103bfc03c9f6189a79e4a4f
luna_20260928,A,sharpa,81,DIRECT_AGENT,SUCCESS,,1.1880000000000008,26.0708161998773,0.07065940008033067,26.14147559995763,28662,1000,29662,4,3,True,True,True,True,d0bf5d035be152679507f68db1fe439740edb8c352b0327ce4618239f2f654c1,c5d9c8724b797093b09c0be4a385be2b82de86b21103bfc03c9f6189a79e4a4f
luna_20260928,A,sharpa,81,SKILL_AGENT,SUCCESS,,0.23600000000000018,12.309801499941386,0.015023900079540908,12.324825400020927,18258,238,18496,3,2,True,True,True,True,d0bf5d035be152679507f68db1fe439740edb8c352b0327ce4618239f2f654c1,c5d9c8724b797093b09c0be4a385be2b82de86b21103bfc03c9f6189a79e4a4f
luna_20260928,A,sharpa,82,DIRECT_AGENT,FAILURE,GOAL_NOT_REACHED_WITHIN_BUDGET,2.999999999999869,53.95993409992661,0.15487640001811087,54.114810499944724,41505,2412,43917,5,4,True,True,True,True,9f220455c0a59b7a9499f67b2ad6d590272855efa6f31788419b2ff0fe7b79a6,c5d9c8724b797093b09c0be4a385be2b82de86b21103bfc03c9f6189a79e4a4f
luna_20260928,A,sharpa,82,SKILL_AGENT,FAILURE,GOAL_NOT_REACHED_WITHIN_BUDGET,2.999999999999869,6.578030999866314,0.1893750000745058,6.76740599994082,10695,100,10795,2,1,True,True,True,True,9f220455c0a59b7a9499f67b2ad6d590272855efa6f31788419b2ff0fe7b79a6,c5d9c8724b797093b09c0be4a385be2b82de86b21103bfc03c9f6189a79e4a4f
luna_20260928,A,sharpa,83,DIRECT_AGENT,SUCCESS,,1.6760000000000013,20.30071930005215,0.08737500000279397,20.388094300054945,27796,631,28427,4,3,True,True,True,True,bf7ed5c1a86c96cd502d5b64986266605541dfc0505799eb60b2069af6828e63,c5d9c8724b797093b09c0be4a385be2b82de86b21103bfc03c9f6189a79e4a4f
luna_20260928,A,sharpa,83,SKILL_AGENT,SUCCESS,,0.23400000000000018,9.922835200093687,0.01430039992555976,9.937135600019246,18241,173,18414,3,2,True,True,True,True,bf7ed5c1a86c96cd502d5b64986266605541dfc0505799eb60b2069af6828e63,c5d9c8724b797093b09c0be4a385be2b82de86b21103bfc03c9f6189a79e4a4f
luna_20260928,A,sharpa,84,DIRECT_AGENT,FAILURE,GOAL_NOT_REACHED_WITHIN_BUDGET,2.999999999999869,43.72059609997086,0.10566340002696961,43.82625949999783,40988,1956,42944,5,4,True,True,True,True,8b36935f0751be7c4a7e28fd64f881a9f5642c168b281b6d92c5c1f366cc6dcf,c5d9c8724b797093b09c0be4a385be2b82de86b21103bfc03c9f6189a79e4a4f
luna_20260928,A,sharpa,84,SKILL_AGENT,SUCCESS,,0.23800000000000018,10.791532199946232,0.016796600073575974,10.808328800019808,18365,255,18620,3,2,True,True,True,True,8b36935f0751be7c4a7e28fd64f881a9f5642c168b281b6d92c5c1f366cc6dcf,c5d9c8724b797093b09c0be4a385be2b82de86b21103bfc03c9f6189a79e4a4f
luna_20260928,A,sharpa,85,DIRECT_AGENT,FAILURE,FORBIDDEN_CONTACT,1.8919999999999908,38.708157600136474,0.10267889988608658,38.81083650002256,29484,1453,30937,4,3,True,True,True,True,629ca6e724296e99e6f263831050db09f7811198ca81a6e69f3a48cb5027b247,c5d9c8724b797093b09c0be4a385be2b82de86b21103bfc03c9f6189a79e4a4f
luna_20260928,A,sharpa,85,SKILL_AGENT,FAILURE,FORBIDDEN_CONTACT,0.12000000000000008,18.051812500110827,0.010602599941194057,18.06241510005202,27545,526,28071,4,3,True,True,True,True,629ca6e724296e99e6f263831050db09f7811198ca81a6e69f3a48cb5027b247,c5d9c8724b797093b09c0be4a385be2b82de86b21103bfc03c9f6189a79e4a4f
luna_20260928,A,sharpa,86,DIRECT_AGENT,SUCCESS,,2.245999999999952,26.280753400060348,0.12053129996638745,26.401284700026736,38867,940,39807,5,4,True,True,True,True,a94ff11da94f122f6d294b474a45360bfa41e1954d2dbd3cb0baf9317678ec62,c5d9c8724b797093b09c0be4a385be2b82de86b21103bfc03c9f6189a79e4a4f
luna_20260928,A,sharpa,86,SKILL_AGENT,SUCCESS,,0.23400000000000018,15.938293400220573,0.013820299878716469,15.95211370009929,27138,268,27406,4,3,True,True,True,True,a94ff11da94f122f6d294b474a45360bfa41e1954d2dbd3cb0baf9317678ec62,c5d9c8724b797093b09c0be4a385be2b82de86b21103bfc03c9f6189a79e4a4f
luna_20260928,A,sharpa,87,DIRECT_AGENT,SUCCESS,,1.800000000000001,36.85792449989822,0.0876234001480043,36.94554790004622,28738,1018,29756,4,3,True,True,True,True,675500461bb5ea0c00de23231db701ccfcb30b250cc44d145197ceea0347f953,c5d9c8724b797093b09c0be4a385be2b82de86b21103bfc03c9f6189a79e4a4f
luna_20260928,A,sharpa,87,SKILL_AGENT,SUCCESS,,0.23800000000000018,12.310496699996293,0.014158600009977818,12.32465530000627,18239,197,18436,3,2,True,True,True,True,675500461bb5ea0c00de23231db701ccfcb30b250cc44d145197ceea0347f953,c5d9c8724b797093b09c0be4a385be2b82de86b21103bfc03c9f6189a79e4a4f
luna_20260928,A,sharpa,88,DIRECT_AGENT,SUCCESS,,2.2159999999999553,37.858704099897295,0.12584730004891753,37.98455139994621,40291,1405,41696,5,4,True,True,True,True,103c84e2e09daa2070bcde8399cbc96c4864d95f12eeb15348ba8910357812e4,c5d9c8724b797093b09c0be4a385be2b82de86b21103bfc03c9f6189a79e4a4f
luna_20260928,A,sharpa,88,SKILL_AGENT,SUCCESS,,0.23600000000000018,14.594689200050198,0.013573799980804324,14.608263000031002,35073,330,35403,5,3,True,True,True,True,103c84e2e09daa2070bcde8399cbc96c4864d95f12eeb15348ba8910357812e4,c5d9c8724b797093b09c0be4a385be2b82de86b21103bfc03c9f6189a79e4a4f
luna_20260928,A,sharpa,89,DIRECT_AGENT,SUCCESS,,1.7340000000000013,35.33486389974132,0.09759800019674003,35.43246189993806,51879,1219,53098,6,5,True,True,True,True,a858e935f2f908e865a09fea2ea0385d5e1c935f8214b4603fb239d2d7c0d0bf,c5d9c8724b797093b09c0be4a385be2b82de86b21103bfc03c9f6189a79e4a4f
luna_20260928,A,sharpa,89,SKILL_AGENT,SUCCESS,,0.23600000000000018,9.758881799993105,0.01391670003067702,9.772798500023782,18222,224,18446,3,2,True,True,True,True,a858e935f2f908e865a09fea2ea0385d5e1c935f8214b4603fb239d2d7c0d0bf,c5d9c8724b797093b09c0be4a385be2b82de86b21103bfc03c9f6189a79e4a4f
luna_20260928,A,sharpa,90,DIRECT_AGENT,SUCCESS,,2.0799999999999703,40.15892690012697,0.1103826998732984,40.26930960000027,52728,1620,54348,6,5,True,True,True,True,7e86339c86060b96c62d07d1ab1f63c3876aa7c197133384e4f37be2cce642d3,c5d9c8724b797093b09c0be4a385be2b82de86b21103bfc03c9f6189a79e4a4f
luna_20260928,A,sharpa,90,SKILL_AGENT,SUCCESS,,0.23600000000000018,10.908112399978563,0.014893600018694997,10.923005999997258,18248,227,18475,3,2,True,True,True,True,7e86339c86060b96c62d07d1ab1f63c3876aa7c197133384e4f37be2cce642d3,c5d9c8724b797093b09c0be4a385be2b82de86b21103bfc03c9f6189a79e4a4f
luna_20260928,A,sharpa,91,DIRECT_AGENT,FAILURE,GOAL_NOT_REACHED_WITHIN_BUDGET,2.999999999999869,46.09252380009275,0.15485029993578792,46.24737410002854,53050,1773,54823,6,5,True,True,True,True,91e9032628035a446ff50c67317838a9198eabc37c20f5e6c502600df1febeef,c5d9c8724b797093b09c0be4a385be2b82de86b21103bfc03c9f6189a79e4a4f
luna_20260928,A,sharpa,91,SKILL_AGENT,SUCCESS,,0.23600000000000018,9.218179799965583,0.01611990004312247,9.234299700008705,18353,234,18587,3,2,True,True,True,True,91e9032628035a446ff50c67317838a9198eabc37c20f5e6c502600df1febeef,c5d9c8724b797093b09c0be4a385be2b82de86b21103bfc03c9f6189a79e4a4f
luna_20260928,A,sharpa,92,DIRECT_AGENT,FAILURE,GOAL_NOT_REACHED_WITHIN_BUDGET,2.999999999999869,68.3865454000188,0.1551968000130728,68.54174220003188,86707,2763,89470,8,7,True,True,True,True,6dd1653cb0734da4b0a73779b99b7570f4c8535f5809f7a433b38580750f7bf6,c5d9c8724b797093b09c0be4a385be2b82de86b21103bfc03c9f6189a79e4a4f
luna_20260928,A,sharpa,92,SKILL_AGENT,SUCCESS,,0.23400000000000018,6.8251177000347525,0.026203899993561208,6.851321600028314,10711,85,10796,2,1,True,True,True,True,6dd1653cb0734da4b0a73779b99b7570f4c8535f5809f7a433b38580750f7bf6,c5d9c8724b797093b09c0be4a385be2b82de86b21103bfc03c9f6189a79e4a4f
luna_20260928,A,sharpa,93,DIRECT_AGENT,FAILURE,GOAL_NOT_REACHED_WITHIN_BUDGET,2.999999999999869,48.36573840002529,0.1606177999638021,48.526356199989095,41344,2085,43429,5,4,True,True,True,True,c59225f4ac9e9e579a518dacd2f7087e861446cdb6cec6ca0b671bc6c825003d,c5d9c8724b797093b09c0be4a385be2b82de86b21103bfc03c9f6189a79e4a4f
luna_20260928,A,sharpa,93,SKILL_AGENT,FAILURE,GOAL_NOT_REACHED_WITHIN_BUDGET,2.999999999999869,6.643412199919112,0.2440627000760287,6.887474899995141,10714,108,10822,2,1,True,True,True,True,c59225f4ac9e9e579a518dacd2f7087e861446cdb6cec6ca0b671bc6c825003d,c5d9c8724b797093b09c0be4a385be2b82de86b21103bfc03c9f6189a79e4a4f
luna_20260928,A,sharpa,94,DIRECT_AGENT,FAILURE,GOAL_NOT_REACHED_WITHIN_BUDGET,2.999999999999869,58.415546799777076,0.17672190011944622,58.59226869989652,67141,1914,69055,7,6,True,True,True,True,4b4f270e34330524f9e00131ca0eb431075f4f531596f19909b693373f746a4e,c5d9c8724b797093b09c0be4a385be2b82de86b21103bfc03c9f6189a79e4a4f
luna_20260928,A,sharpa,94,SKILL_AGENT,SUCCESS,,0.23800000000000018,22.035237900097854,0.014339499874040484,22.049577399971895,38204,603,38807,5,4,True,True,True,True,4b4f270e34330524f9e00131ca0eb431075f4f531596f19909b693373f746a4e,c5d9c8724b797093b09c0be4a385be2b82de86b21103bfc03c9f6189a79e4a4f
luna_20260928,A,sharpa,95,DIRECT_AGENT,FAILURE,GOAL_NOT_REACHED_WITHIN_BUDGET,2.999999999999869,53.82348559994716,0.16531880002003163,53.988804399967194,69503,2250,71753,7,6,True,True,True,True,898efc981d84fef8cee606ca24b96c007a9c1776630713e17f14298c58546806,c5d9c8724b797093b09c0be4a385be2b82de86b21103bfc03c9f6189a79e4a4f
luna_20260928,A,sharpa,95,SKILL_AGENT,SUCCESS,,0.23800000000000018,12.746274100034498,0.014200199977494776,12.760474300011992,27282,317,27599,4,3,True,True,True,True,898efc981d84fef8cee606ca24b96c007a9c1776630713e17f14298c58546806,c5d9c8724b797093b09c0be4a385be2b82de86b21103bfc03c9f6189a79e4a4f
luna_20260928,A,sharpa,96,DIRECT_AGENT,SUCCESS,,2.8419999999998864,41.27867510006763,0.1484114999184385,41.42708659998607,53158,1808,54966,6,5,True,True,True,True,44737f56c00d62ab23dbd34743802340ea3d12491075ead3ec1ca7f3906d812a,c5d9c8724b797093b09c0be4a385be2b82de86b21103bfc03c9f6189a79e4a4f
luna_20260928,A,sharpa,96,SKILL_AGENT,SUCCESS,,0.23800000000000018,13.330701200058684,0.019760799943469465,13.350462000002153,27385,321,27706,4,3,True,True,True,True,44737f56c00d62ab23dbd34743802340ea3d12491075ead3ec1ca7f3906d812a,c5d9c8724b797093b09c0be4a385be2b82de86b21103bfc03c9f6189a79e4a4f
luna_20260928,A,sharpa,97,DIRECT_AGENT,FAILURE,GOAL_NOT_REACHED_WITHIN_BUDGET,2.999999999999869,69.88125999982003,0.15808840014506131,70.03934839996509,55685,2497,58182,6,5,True,True,True,True,5ac00e0084914e4cfce8373059cf302c8aaa29db76068817ace43a390e21b90d,c5d9c8724b797093b09c0be4a385be2b82de86b21103bfc03c9f6189a79e4a4f
luna_20260928,A,sharpa,97,SKILL_AGENT,SUCCESS,,0.23600000000000018,8.714544199872762,0.015648000058718026,8.73019219993148,18190,168,18358,3,2,True,True,True,True,5ac00e0084914e4cfce8373059cf302c8aaa29db76068817ace43a390e21b90d,c5d9c8724b797093b09c0be4a385be2b82de86b21103bfc03c9f6189a79e4a4f
luna_20260928,A,sharpa,98,DIRECT_AGENT,SUCCESS,,2.471999999999927,49.90455830015708,0.1319579997798428,50.03651629993692,41075,1856,42931,5,4,True,True,True,True,f5c2b29773ca73269e589eb0f4c68379fea2cd0a882141d10c47e7243486b730,c5d9c8724b797093b09c0be4a385be2b82de86b21103bfc03c9f6189a79e4a4f
luna_20260928,A,sharpa,98,SKILL_AGENT,SUCCESS,,0.23600000000000018,16.868697099969722,0.01812180003616959,16.886818900005892,27197,285,27482,4,3,True,True,True,True,f5c2b29773ca73269e589eb0f4c68379fea2cd0a882141d10c47e7243486b730,c5d9c8724b797093b09c0be4a385be2b82de86b21103bfc03c9f6189a79e4a4f
luna_20260928,A,sharpa,99,DIRECT_AGENT,SUCCESS,,2.481999999999926,36.594924299861304,0.13089200004469603,36.725816299906,39910,1363,41273,5,4,True,True,True,True,33066f7fbca025981ed37351784599f935f737c1dc0fac91a504923e89f9d769,c5d9c8724b797093b09c0be4a385be2b82de86b21103bfc03c9f6189a79e4a4f
luna_20260928,A,sharpa,99,SKILL_AGENT,SUCCESS,,0.23400000000000018,14.551120200078003,0.016369299963116646,14.56748950004112,27557,405,27962,4,3,True,True,True,True,33066f7fbca025981ed37351784599f935f737c1dc0fac91a504923e89f9d769,c5d9c8724b797093b09c0be4a385be2b82de86b21103bfc03c9f6189a79e4a4f
luna_20260928_four_hand,A,allegro_v5,0,DIRECT_AGENT,FAILURE,GOAL_NOT_REACHED_WITHIN_BUDGET,2.999999999999869,46.31268049986102,0.12350380013231188,46.43618429999333,27295,2215,29510,4,3,True,True,True,True,b4d04d9d02a684ca36e73d164a8081758bb3c2bf558c78e0f66e2269ff4be06a,a984bcfa80ef9568fe6bfc8c5f28f38769950b8ffcc0b0323d0210b4e5b33b0c
luna_20260928_four_hand,A,allegro_v5,0,SKILL_AGENT,FAILURE,GOAL_NOT_REACHED_WITHIN_BUDGET,2.999999999999869,22.478675000136718,0.15993739990517497,22.638612400041893,25654,620,26274,4,3,True,True,True,True,b4d04d9d02a684ca36e73d164a8081758bb3c2bf558c78e0f66e2269ff4be06a,a984bcfa80ef9568fe6bfc8c5f28f38769950b8ffcc0b0323d0210b4e5b33b0c
luna_20260928_four_hand,A,allegro_v5,1,DIRECT_AGENT,FAILURE,GOAL_NOT_REACHED_WITHIN_BUDGET,2.999999999999869,56.66941769991536,0.16486650006845593,56.83428419998381,62131,2000,64131,7,6,True,True,True,True,3afbf6eb75509371d04fe3bc03f76c1e6d36dc32808c767b11e2f19fb91c78a0,a984bcfa80ef9568fe6bfc8c5f28f38769950b8ffcc0b0323d0210b4e5b33b0c
luna_20260928_four_hand,A,allegro_v5,1,SKILL_AGENT,FAILURE,GOAL_NOT_REACHED_WITHIN_BUDGET,2.999999999999869,22.29006999998819,0.2118461000500247,22.501916100038216,25512,567,26079,4,3,True,True,True,True,3afbf6eb75509371d04fe3bc03f76c1e6d36dc32808c767b11e2f19fb91c78a0,a984bcfa80ef9568fe6bfc8c5f28f38769950b8ffcc0b0323d0210b4e5b33b0c
luna_20260928_four_hand,A,allegro_v5,2,DIRECT_AGENT,FAILURE,ACTUATOR_LIMIT,1.7020000000000013,55.924494100152515,0.4322211998514831,56.356715300004,39737,2434,42171,5,4,True,True,True,True,452c674ec14f63417cdbf2a1049c9a171f22a28633af3ecf94f65150ed024596,a984bcfa80ef9568fe6bfc8c5f28f38769950b8ffcc0b0323d0210b4e5b33b0c
luna_20260928_four_hand,A,allegro_v5,2,SKILL_AGENT,FAILURE,GOAL_NOT_REACHED_WITHIN_BUDGET,2.999999999999869,10.960562799940817,0.0060755000449717045,10.966638299985789,17014,305,17319,3,2,True,True,True,True,452c674ec14f63417cdbf2a1049c9a171f22a28633af3ecf94f65150ed024596,a984bcfa80ef9568fe6bfc8c5f28f38769950b8ffcc0b0323d0210b4e5b33b0c
luna_20260928_four_hand,A,allegro_v5,3,DIRECT_AGENT,FAILURE,GOAL_NOT_REACHED_WITHIN_BUDGET,2.999999999999869,46.01305750012398,0.16297559987287968,46.17603309999686,28629,1885,30514,4,3,True,True,True,True,9791f4c3a593d7b0a49b923c5504b0ebcf930246d3df08c09f34f61b46c85ab3,a984bcfa80ef9568fe6bfc8c5f28f38769950b8ffcc0b0323d0210b4e5b33b0c
luna_20260928_four_hand,A,allegro_v5,3,SKILL_AGENT,FAILURE,GOAL_NOT_REACHED_WITHIN_BUDGET,2.999999999999869,21.956786200171337,0.2711549998493865,22.227941200020723,34869,593,35462,5,4,True,True,True,True,9791f4c3a593d7b0a49b923c5504b0ebcf930246d3df08c09f34f61b46c85ab3,a984bcfa80ef9568fe6bfc8c5f28f38769950b8ffcc0b0323d0210b4e5b33b0c
luna_20260928_four_hand,A,allegro_v5,4,DIRECT_AGENT,FAILURE,GOAL_NOT_REACHED_WITHIN_BUDGET,2.999999999999869,37.07405330007896,0.16464400000404567,37.238697300083004,27438,1616,29054,4,3,True,True,True,True,701076ffdb7e662ed6121501d95cebd5504706b0b959def580e1d9337fc46b75,a984bcfa80ef9568fe6bfc8c5f28f38769950b8ffcc0b0323d0210b4e5b33b0c
luna_20260928_four_hand,A,allegro_v5,4,SKILL_AGENT,FAILURE,GOAL_NOT_REACHED_WITHIN_BUDGET,2.999999999999869,32.88804019999225,0.17374110000673681,33.061781299998984,66328,810,67138,8,5,True,True,True,True,701076ffdb7e662ed6121501d95cebd5504706b0b959def580e1d9337fc46b75,a984bcfa80ef9568fe6bfc8c5f28f38769950b8ffcc0b0323d0210b4e5b33b0c
luna_20260928_four_hand,A,allegro_v5,5,DIRECT_AGENT,FAILURE,GOAL_NOT_REACHED_WITHIN_BUDGET,2.999999999999869,43.17701320000924,0.17118109995499253,43.348194299964234,60788,1830,62618,7,5,True,True,True,True,cffcd8ebaa60c4998e19027eddd56913c2ca7b602083b0098a8644e10f99f4bd,a984bcfa80ef9568fe6bfc8c5f28f38769950b8ffcc0b0323d0210b4e5b33b0c
luna_20260928_four_hand,A,allegro_v5,5,SKILL_AGENT,FAILURE,GOAL_NOT_REACHED_WITHIN_BUDGET,2.999999999999869,20.42791559989564,0.16852000006474555,20.596435599960387,25599,676,26275,4,3,True,True,True,True,cffcd8ebaa60c4998e19027eddd56913c2ca7b602083b0098a8644e10f99f4bd,a984bcfa80ef9568fe6bfc8c5f28f38769950b8ffcc0b0323d0210b4e5b33b0c
luna_20260928_four_hand,A,allegro_v5,6,DIRECT_AGENT,FAILURE,GOAL_NOT_REACHED_WITHIN_BUDGET,2.999999999999869,57.55317659990396,0.09491000010166317,57.64808660000563,28758,2285,31043,4,3,True,True,True,True,13ab9c5dee8cd1d92faa699f15fcc3c524f51e3df57e0d9257a1696182500b81,a984bcfa80ef9568fe6bfc8c5f28f38769950b8ffcc0b0323d0210b4e5b33b0c
luna_20260928_four_hand,A,allegro_v5,6,SKILL_AGENT,FAILURE,GOAL_NOT_REACHED_WITHIN_BUDGET,2.999999999999869,19.036724300007336,0.005471399985253811,19.04219569999259,32492,522,33014,5,3,True,True,True,True,13ab9c5dee8cd1d92faa699f15fcc3c524f51e3df57e0d9257a1696182500b81,a984bcfa80ef9568fe6bfc8c5f28f38769950b8ffcc0b0323d0210b4e5b33b0c
luna_20260928_four_hand,A,allegro_v5,7,DIRECT_AGENT,FAILURE,GOAL_NOT_REACHED_WITHIN_BUDGET,2.999999999999869,58.660892600077204,0.14653759985230863,58.80743019992951,50654,2164,52818,6,5,True,True,True,True,ed1f0e3a2262d0748d6d2c97fa7eb7c09eb16daf90a040e9f498891edb8ef052,a984bcfa80ef9568fe6bfc8c5f28f38769950b8ffcc0b0323d0210b4e5b33b0c
luna_20260928_four_hand,A,allegro_v5,7,SKILL_AGENT,FAILURE,GOAL_NOT_REACHED_WITHIN_BUDGET,2.999999999999869,39.237553500104696,0.005758599960245192,39.24331210006494,25490,955,26445,4,2,True,True,True,True,ed1f0e3a2262d0748d6d2c97fa7eb7c09eb16daf90a040e9f498891edb8ef052,a984bcfa80ef9568fe6bfc8c5f28f38769950b8ffcc0b0323d0210b4e5b33b0c
luna_20260928_four_hand,A,allegro_v5,8,DIRECT_AGENT,FAILURE,GOAL_NOT_REACHED_WITHIN_BUDGET,2.999999999999869,49.59144200000446,0.16782480000983924,49.7592668000143,49709,2036,51745,6,5,True,True,True,True,f6289f7ab4a3b0a9e874a0e767cf2a086fb347012b31745423bd8dd17e7a6159,a984bcfa80ef9568fe6bfc8c5f28f38769950b8ffcc0b0323d0210b4e5b33b0c
luna_20260928_four_hand,A,allegro_v5,8,SKILL_AGENT,FAILURE,GOAL_NOT_REACHED_WITHIN_BUDGET,2.999999999999869,19.49085000017658,0.005857299896888435,19.496707300073467,17135,508,17643,3,2,True,True,True,True,f6289f7ab4a3b0a9e874a0e767cf2a086fb347012b31745423bd8dd17e7a6159,a984bcfa80ef9568fe6bfc8c5f28f38769950b8ffcc0b0323d0210b4e5b33b0c
luna_20260928_four_hand,A,allegro_v5,9,DIRECT_AGENT,FAILURE,GOAL_NOT_REACHED_WITHIN_BUDGET,2.999999999999869,58.89040850009769,0.1281180998776108,59.0185265999753,64170,2419,66589,7,6,True,True,True,True,49801eda7c9dbf640675b96c09ff8a2538a6b051bc6647b157ba637d4f857a25,a984bcfa80ef9568fe6bfc8c5f28f38769950b8ffcc0b0323d0210b4e5b33b0c
luna_20260928_four_hand,A,allegro_v5,9,SKILL_AGENT,FAILURE,GOAL_NOT_REACHED_WITHIN_BUDGET,2.999999999999869,31.4748041999992,0.19424139999318868,31.669045599992387,45458,631,46089,6,4,True,True,True,True,49801eda7c9dbf640675b96c09ff8a2538a6b051bc6647b157ba637d4f857a25,a984bcfa80ef9568fe6bfc8c5f28f38769950b8ffcc0b0323d0210b4e5b33b0c
luna_20260928_four_hand,A,allegro_v5,10,DIRECT_AGENT,SUCCESS,,0.27000000000000024,14.664069599937648,0.015507300035096705,14.679576899972744,10417,482,10899,2,1,True,True,True,True,48db0f6a4e84d3a783f5a83b848311bf83d2564280cf39a604a7e03a2ace75e3,a984bcfa80ef9568fe6bfc8c5f28f38769950b8ffcc0b0323d0210b4e5b33b0c
luna_20260928_four_hand,A,allegro_v5,10,SKILL_AGENT,SUCCESS,,0.4600000000000003,9.228918699780479,0.03279600013047457,9.261714699910954,17008,217,17225,3,2,True,True,True,True,48db0f6a4e84d3a783f5a83b848311bf83d2564280cf39a604a7e03a2ace75e3,a984bcfa80ef9568fe6bfc8c5f28f38769950b8ffcc0b0323d0210b4e5b33b0c
luna_20260928_four_hand,A,allegro_v5,11,DIRECT_AGENT,SUCCESS,,0.5180000000000003,22.482075300067663,0.02809119992889464,22.510166499996558,17895,702,18597,3,2,True,True,True,True,6f83b61949ebf0a53507c0c092250cd8d7007fe303cccf3142283e821f6cdf8f,a984bcfa80ef9568fe6bfc8c5f28f38769950b8ffcc0b0323d0210b4e5b33b0c
luna_20260928_four_hand,A,allegro_v5,11,SKILL_AGENT,FAILURE,GOAL_NOT_REACHED_WITHIN_BUDGET,2.999999999999869,23.300439900020137,0.17383310000877827,23.474273000028916,35379,643,36022,5,4,True,True,True,True,6f83b61949ebf0a53507c0c092250cd8d7007fe303cccf3142283e821f6cdf8f,a984bcfa80ef9568fe6bfc8c5f28f38769950b8ffcc0b0323d0210b4e5b33b0c
luna_20260928_four_hand,A,allegro_v5,12,DIRECT_AGENT,FAILURE,GOAL_NOT_REACHED_WITHIN_BUDGET,2.999999999999869,54.066169500001706,0.16380770003888756,54.229977200040594,50877,2201,53078,6,5,True,True,True,True,d963836162cf67b890bb68333a0e78ec1a977424bee9e10107fadd768cc441d4,a984bcfa80ef9568fe6bfc8c5f28f38769950b8ffcc0b0323d0210b4e5b33b0c
luna_20260928_four_hand,A,allegro_v5,12,SKILL_AGENT,FAILURE,GOAL_NOT_REACHED_WITHIN_BUDGET,2.999999999999869,19.871365699917078,0.16815960011444986,20.039525300031528,34828,541,35369,5,4,True,True,True,True,d963836162cf67b890bb68333a0e78ec1a977424bee9e10107fadd768cc441d4,a984bcfa80ef9568fe6bfc8c5f28f38769950b8ffcc0b0323d0210b4e5b33b0c
luna_20260928_four_hand,A,allegro_v5,13,DIRECT_AGENT,FAILURE,GOAL_NOT_REACHED_WITHIN_BUDGET,2.999999999999869,58.85073910001665,0.14102520002052188,58.991764300037175,39450,2216,41666,5,4,True,True,True,True,31a7047bdaefae76958cc7a4e84852363960620756e9d54dc8bc5b26f1d064de,a984bcfa80ef9568fe6bfc8c5f28f38769950b8ffcc0b0323d0210b4e5b33b0c
luna_20260928_four_hand,A,allegro_v5,13,SKILL_AGENT,FAILURE,GOAL_NOT_REACHED_WITHIN_BUDGET,2.999999999999869,5.615625299979001,0.1674679999705404,5.783093299949542,10112,93,10205,2,1,True,True,True,True,31a7047bdaefae76958cc7a4e84852363960620756e9d54dc8bc5b26f1d064de,a984bcfa80ef9568fe6bfc8c5f28f38769950b8ffcc0b0323d0210b4e5b33b0c
luna_20260928_four_hand,A,allegro_v5,14,DIRECT_AGENT,SUCCESS,,1.2040000000000008,38.85200509999413,0.06559759995434433,38.917602699948475,27499,1491,28990,4,3,True,True,True,True,004776e2a973156c8eb23666ef96e0fa671e2565b80f8994b00cc803e48a4468,a984bcfa80ef9568fe6bfc8c5f28f38769950b8ffcc0b0323d0210b4e5b33b0c
luna_20260928_four_hand,A,allegro_v5,14,SKILL_AGENT,SUCCESS,,0.3580000000000002,14.003002799814567,0.025346600101329386,14.028349399915896,17118,238,17356,3,2,True,True,True,True,004776e2a973156c8eb23666ef96e0fa671e2565b80f8994b00cc803e48a4468,a984bcfa80ef9568fe6bfc8c5f28f38769950b8ffcc0b0323d0210b4e5b33b0c
luna_20260928_four_hand,A,allegro_v5,15,DIRECT_AGENT,FAILURE,GOAL_NOT_REACHED_WITHIN_BUDGET,2.999999999999869,56.97129609982949,0.15405350015498698,57.125349599984474,50324,2238,52562,6,5,True,True,True,True,2880bcf097f5650d2ecf013a152f97a9d9e1e98c745b2daba11ad64f79754112,a984bcfa80ef9568fe6bfc8c5f28f38769950b8ffcc0b0323d0210b4e5b33b0c
luna_20260928_four_hand,A,allegro_v5,15,SKILL_AGENT,FAILURE,GOAL_NOT_REACHED_WITHIN_BUDGET,2.999999999999869,14.953089499962516,0.17632650001905859,15.129415999981575,25610,449,26059,4,3,True,True,True,True,2880bcf097f5650d2ecf013a152f97a9d9e1e98c745b2daba11ad64f79754112,a984bcfa80ef9568fe6bfc8c5f28f38769950b8ffcc0b0323d0210b4e5b33b0c
luna_20260928_four_hand,A,allegro_v5,16,DIRECT_AGENT,SUCCESS,,1.8559999999999948,62.73408570000902,0.10507719998713583,62.839162899996154,50378,2168,52546,6,5,True,True,True,True,615baca70a2d0ba297c94fa8bbfbed992109186d075a122d3ba4380b641fc89b,a984bcfa80ef9568fe6bfc8c5f28f38769950b8ffcc0b0323d0210b4e5b33b0c
luna_20260928_four_hand,A,allegro_v5,16,SKILL_AGENT,FAILURE,GOAL_NOT_REACHED_WITHIN_BUDGET,2.999999999999869,24.32659490010701,0.16364519984927028,24.49024009995628,45581,652,46233,6,5,True,True,True,True,615baca70a2d0ba297c94fa8bbfbed992109186d075a122d3ba4380b641fc89b,a984bcfa80ef9568fe6bfc8c5f28f38769950b8ffcc0b0323d0210b4e5b33b0c
luna_20260928_four_hand,A,allegro_v5,17,DIRECT_AGENT,FAILURE,GOAL_NOT_REACHED_WITHIN_BUDGET,2.999999999999869,63.02674180001486,0.13281730003654957,63.15955910005141,39131,2433,41564,5,4,True,True,True,True,8845ba937662f6fa91b3bd029ad8061009eb42cc90e6dbca12b06154eb3fce44,a984bcfa80ef9568fe6bfc8c5f28f38769950b8ffcc0b0323d0210b4e5b33b0c
luna_20260928_four_hand,A,allegro_v5,17,SKILL_AGENT,FAILURE,GOAL_NOT_REACHED_WITHIN_BUDGET,2.999999999999869,24.05077029997483,0.005650800070725381,24.056421100045554,34394,758,35152,5,3,True,True,True,True,8845ba937662f6fa91b3bd029ad8061009eb42cc90e6dbca12b06154eb3fce44,a984bcfa80ef9568fe6bfc8c5f28f38769950b8ffcc0b0323d0210b4e5b33b0c
luna_20260928_four_hand,A,allegro_v5,18,DIRECT_AGENT,FAILURE,GOAL_NOT_REACHED_WITHIN_BUDGET,2.999999999999869,51.59561470011249,0.08532499987632036,51.68093969998881,28430,2108,30538,4,3,True,True,True,True,94f75143e84235e9d1ddd272c1d516cc0832b0f643027da0136596de3e848d09,a984bcfa80ef9568fe6bfc8c5f28f38769950b8ffcc0b0323d0210b4e5b33b0c
luna_20260928_four_hand,A,allegro_v5,18,SKILL_AGENT,FAILURE,GOAL_NOT_REACHED_WITHIN_BUDGET,2.999999999999869,20.275311199831776,0.006476000067777932,20.281787199899554,16969,537,17506,3,2,True,True,True,True,94f75143e84235e9d1ddd272c1d516cc0832b0f643027da0136596de3e848d09,a984bcfa80ef9568fe6bfc8c5f28f38769950b8ffcc0b0323d0210b4e5b33b0c
luna_20260928_four_hand,A,allegro_v5,19,DIRECT_AGENT,FAILURE,GOAL_NOT_REACHED_WITHIN_BUDGET,2.999999999999869,56.21967059990857,0.13563000003341585,56.355300599941984,49510,2177,51687,6,5,True,True,True,True,7d7403c1af134212f4f100c174482c9e55cfa15452629af4c05fcffe7f3d5dca,a984bcfa80ef9568fe6bfc8c5f28f38769950b8ffcc0b0323d0210b4e5b33b0c
luna_20260928_four_hand,A,allegro_v5,19,SKILL_AGENT,FAILURE,GOAL_NOT_REACHED_WITHIN_BUDGET,2.999999999999869,31.860465099918656,0.17043840000405908,32.030903499922715,54191,892,55083,7,4,True,True,True,True,7d7403c1af134212f4f100c174482c9e55cfa15452629af4c05fcffe7f3d5dca,a984bcfa80ef9568fe6bfc8c5f28f38769950b8ffcc0b0323d0210b4e5b33b0c
luna_20260928_four_hand,A,allegro_v5,20,DIRECT_AGENT,FAILURE,GOAL_NOT_REACHED_WITHIN_BUDGET,2.999999999999869,69.40286929986905,0.10391860012896359,69.50678789999802,40051,2668,42719,5,4,True,True,True,True,88cbd044542d95ff6b79cc75daa7a9be7ed5c87ed1e5f17e2833d996c6a694b2,a984bcfa80ef9568fe6bfc8c5f28f38769950b8ffcc0b0323d0210b4e5b33b0c
luna_20260928_four_hand,A,allegro_v5,20,SKILL_AGENT,FAILURE,GOAL_NOT_REACHED_WITHIN_BUDGET,2.999999999999869,18.724553200183436,0.17305409989785403,18.89760730008129,34966,520,35486,5,4,True,True,True,True,88cbd044542d95ff6b79cc75daa7a9be7ed5c87ed1e5f17e2833d996c6a694b2,a984bcfa80ef9568fe6bfc8c5f28f38769950b8ffcc0b0323d0210b4e5b33b0c
luna_20260928_four_hand,A,allegro_v5,21,DIRECT_AGENT,FAILURE,ACTUATOR_LIMIT,0.5020000000000003,48.294761000201106,0.027671299874782562,48.32243230007589,19050,1970,21020,3,2,True,True,True,True,113309b6d22d074b2b85712417c4e1801074c315c5cdfd74154d8f091a8481a5,a984bcfa80ef9568fe6bfc8c5f28f38769950b8ffcc0b0323d0210b4e5b33b0c
luna_20260928_four_hand,A,allegro_v5,21,SKILL_AGENT,SUCCESS,,0.42000000000000026,13.011590900132433,0.03459369984921068,13.046184599981643,25565,499,26064,4,3,True,True,True,True,113309b6d22d074b2b85712417c4e1801074c315c5cdfd74154d8f091a8481a5,a984bcfa80ef9568fe6bfc8c5f28f38769950b8ffcc0b0323d0210b4e5b33b0c
luna_20260928_four_hand,A,allegro_v5,22,DIRECT_AGENT,FAILURE,GOAL_NOT_REACHED_WITHIN_BUDGET,2.999999999999869,65.08615729992744,0.1647892000619322,65.25094649998937,50273,2282,52555,6,4,True,True,True,True,7319afc9f235773e5982d5338b8e6918cd2d2c9c0428c0514151998a69941a6b,a984bcfa80ef9568fe6bfc8c5f28f38769950b8ffcc0b0323d0210b4e5b33b0c
luna_20260928_four_hand,A,allegro_v5,22,SKILL_AGENT,FAILURE,GOAL_NOT_REACHED_WITHIN_BUDGET,2.999999999999869,16.72291510005016,0.1704301000572741,16.893345200107433,17429,490,17919,3,2,True,True,True,True,7319afc9f235773e5982d5338b8e6918cd2d2c9c0428c0514151998a69941a6b,a984bcfa80ef9568fe6bfc8c5f28f38769950b8ffcc0b0323d0210b4e5b33b0c
luna_20260928_four_hand,A,allegro_v5,23,DIRECT_AGENT,SUCCESS,,0.23400000000000018,13.90350340004079,0.012922200025059283,13.91642560006585,10134,145,10279,2,1,True,True,True,True,e68968645b6d142c126a45c472827121e9155eea3a462e224f708618c33cd18b,a984bcfa80ef9568fe6bfc8c5f28f38769950b8ffcc0b0323d0210b4e5b33b0c
luna_20260928_four_hand,A,allegro_v5,23,SKILL_AGENT,SUCCESS,,1.0700000000000007,15.879462500102818,0.06257349986117333,15.942035999963991,34485,358,34843,5,4,True,True,True,True,e68968645b6d142c126a45c472827121e9155eea3a462e224f708618c33cd18b,a984bcfa80ef9568fe6bfc8c5f28f38769950b8ffcc0b0323d0210b4e5b33b0c
luna_20260928_four_hand,A,allegro_v5,24,DIRECT_AGENT,SUCCESS,,2.181999999999959,80.0142093001632,0.12062439986038953,80.13483370002359,39108,2252,41360,5,4,True,True,True,True,30467417e03e2ec4b757c564951e3ba56fa4b187f715a9cae424fb41072118b0,a984bcfa80ef9568fe6bfc8c5f28f38769950b8ffcc0b0323d0210b4e5b33b0c
luna_20260928_four_hand,A,allegro_v5,24,SKILL_AGENT,FAILURE,GOAL_NOT_REACHED_WITHIN_BUDGET,2.999999999999869,17.541685600066558,0.011117300018668175,17.552802900085226,25548,445,25993,4,3,True,True,True,True,30467417e03e2ec4b757c564951e3ba56fa4b187f715a9cae424fb41072118b0,a984bcfa80ef9568fe6bfc8c5f28f38769950b8ffcc0b0323d0210b4e5b33b0c
luna_20260928_four_hand,A,allegro_v5,25,DIRECT_AGENT,FAILURE,GOAL_NOT_REACHED_WITHIN_BUDGET,2.999999999999869,66.89276700024493,0.06030809972435236,66.95307509996928,28557,1766,30323,4,3,True,True,True,True,9ce640bba9189508be38940691aea8c759401d7a1cb2cc92d198b82533693e56,a984bcfa80ef9568fe6bfc8c5f28f38769950b8ffcc0b0323d0210b4e5b33b0c
luna_20260928_four_hand,A,allegro_v5,25,SKILL_AGENT,FAILURE,GOAL_NOT_REACHED_WITHIN_BUDGET,2.999999999999869,26.321294499910437,0.006110600079409778,26.327405099989846,25164,852,26016,4,2,True,True,True,True,9ce640bba9189508be38940691aea8c759401d7a1cb2cc92d198b82533693e56,a984bcfa80ef9568fe6bfc8c5f28f38769950b8ffcc0b0323d0210b4e5b33b0c
luna_20260928_four_hand,A,allegro_v5,26,DIRECT_AGENT,FAILURE,GOAL_NOT_REACHED_WITHIN_BUDGET,2.999999999999869,40.95420929999091,0.1573775999713689,41.111586899962276,38134,1690,39824,5,4,True,True,True,True,dc38dea7dc2d9e70366588ddc8ac65a843f72c424a626f7dffd91f8fbd5acd84,a984bcfa80ef9568fe6bfc8c5f28f38769950b8ffcc0b0323d0210b4e5b33b0c
luna_20260928_four_hand,A,allegro_v5,26,SKILL_AGENT,FAILURE,GOAL_NOT_REACHED_WITHIN_BUDGET,2.999999999999869,27.579382200026885,0.17095039994455874,27.750332599971443,35909,894,36803,5,4,True,True,True,True,dc38dea7dc2d9e70366588ddc8ac65a843f72c424a626f7dffd91f8fbd5acd84,a984bcfa80ef9568fe6bfc8c5f28f38769950b8ffcc0b0323d0210b4e5b33b0c
luna_20260928_four_hand,A,allegro_v5,27,DIRECT_AGENT,FAILURE,GOAL_NOT_REACHED_WITHIN_BUDGET,2.999999999999869,85.02097349998076,0.11925450002308935,85.14022800000384,39448,2675,42123,5,4,True,True,True,True,09460d24f5af00d1c72582554ac41a35068659bbbfad2652e6d064f710a4fc27,a984bcfa80ef9568fe6bfc8c5f28f38769950b8ffcc0b0323d0210b4e5b33b0c
luna_20260928_four_hand,A,allegro_v5,27,SKILL_AGENT,FAILURE,GOAL_NOT_REACHED_WITHIN_BUDGET,2.999999999999869,19.876781899947673,0.17121729999780655,20.04799919994548,35404,600,36004,5,4,True,True,True,True,09460d24f5af00d1c72582554ac41a35068659bbbfad2652e6d064f710a4fc27,a984bcfa80ef9568fe6bfc8c5f28f38769950b8ffcc0b0323d0210b4e5b33b0c
luna_20260928_four_hand,A,allegro_v5,28,DIRECT_AGENT,FAILURE,GOAL_NOT_REACHED_WITHIN_BUDGET,2.999999999999869,64.72518280008808,0.20260519988369197,64.92778799997177,38575,1950,40525,5,4,True,True,True,True,d30f32dbc50089cf9d1ae499e4e195ef2ced2ff3170bd8f61f5d5128a5ff4391,a984bcfa80ef9568fe6bfc8c5f28f38769950b8ffcc0b0323d0210b4e5b33b0c
luna_20260928_four_hand,A,allegro_v5,28,SKILL_AGENT,FAILURE,GOAL_NOT_REACHED_WITHIN_BUDGET,2.999999999999869,9.535471800132655,0.0054247998632490635,9.540896599995904,17015,209,17224,3,2,True,True,True,True,d30f32dbc50089cf9d1ae499e4e195ef2ced2ff3170bd8f61f5d5128a5ff4391,a984bcfa80ef9568fe6bfc8c5f28f38769950b8ffcc0b0323d0210b4e5b33b0c
luna_20260928_four_hand,A,allegro_v5,29,DIRECT_AGENT,FAILURE,GOAL_NOT_REACHED_WITHIN_BUDGET,2.999999999999869,44.84551320003811,0.15718620002735406,45.00269940006547,50557,1941,52498,6,5,True,True,True,True,d7eecf242be03855d38eae4a6f26fe51585938f6a4855cfff54c25e41bf9a3f5,a984bcfa80ef9568fe6bfc8c5f28f38769950b8ffcc0b0323d0210b4e5b33b0c
luna_20260928_four_hand,A,allegro_v5,29,SKILL_AGENT,FAILURE,GOAL_NOT_REACHED_WITHIN_BUDGET,2.999999999999869,20.846667299978435,0.006382600055076182,20.85304990003351,17011,723,17734,3,2,True,True,True,True,d7eecf242be03855d38eae4a6f26fe51585938f6a4855cfff54c25e41bf9a3f5,a984bcfa80ef9568fe6bfc8c5f28f38769950b8ffcc0b0323d0210b4e5b33b0c
luna_20260928_four_hand,A,allegro_v5,30,DIRECT_AGENT,FAILURE,GOAL_NOT_REACHED_WITHIN_BUDGET,2.999999999999869,81.73847839992959,0.11756460007745773,81.85604300000705,50363,2113,52476,6,4,True,True,True,True,98d80a5eb0f1864cb934d8734f18423f221b086eb627036603c91f8326bdc668,a984bcfa80ef9568fe6bfc8c5f28f38769950b8ffcc0b0323d0210b4e5b33b0c
luna_20260928_four_hand,A,allegro_v5,30,SKILL_AGENT,FAILURE,GOAL_NOT_REACHED_WITHIN_BUDGET,2.999999999999869,19.68840550002642,0.17077560001052916,19.85918110003695,32530,377,32907,5,3,True,True,True,True,98d80a5eb0f1864cb934d8734f18423f221b086eb627036603c91f8326bdc668,a984bcfa80ef9568fe6bfc8c5f28f38769950b8ffcc0b0323d0210b4e5b33b0c
luna_20260928_four_hand,A,allegro_v5,31,DIRECT_AGENT,FAILURE,GOAL_NOT_REACHED_WITHIN_BUDGET,2.999999999999869,91.20362879987806,0.1414137000683695,91.34504249994643,50406,2386,52792,6,5,True,True,True,True,849a89a1447d25d165ca6359c88c0109860412966c95e40221544fd3c2dc6dfb,a984bcfa80ef9568fe6bfc8c5f28f38769950b8ffcc0b0323d0210b4e5b33b0c
luna_20260928_four_hand,A,allegro_v5,31,SKILL_AGENT,FAILURE,GOAL_NOT_REACHED_WITHIN_BUDGET,2.999999999999869,22.6882106999401,0.1810937001137063,22.869304400053807,25435,527,25962,4,3,True,True,True,True,849a89a1447d25d165ca6359c88c0109860412966c95e40221544fd3c2dc6dfb,a984bcfa80ef9568fe6bfc8c5f28f38769950b8ffcc0b0323d0210b4e5b33b0c
luna_20260928_four_hand,A,allegro_v5,32,DIRECT_AGENT,SUCCESS,,0.3740000000000002,35.36209319997579,0.025918400031514466,35.3880116000073,18264,1032,19296,3,2,True,True,True,True,e2ee8a62273cd78fd4bb88321304e43d510dd9f40f3d853443d766280733a39d,a984bcfa80ef9568fe6bfc8c5f28f38769950b8ffcc0b0323d0210b4e5b33b0c
luna_20260928_four_hand,A,allegro_v5,32,SKILL_AGENT,SUCCESS,,0.3500000000000002,9.992572200018913,0.020864899968728423,10.013437099987641,16985,171,17156,3,2,True,True,True,True,e2ee8a62273cd78fd4bb88321304e43d510dd9f40f3d853443d766280733a39d,a984bcfa80ef9568fe6bfc8c5f28f38769950b8ffcc0b0323d0210b4e5b33b0c
luna_20260928_four_hand,A,allegro_v5,33,DIRECT_AGENT,FAILURE,ACTUATOR_LIMIT,0.20200000000000015,34.4049133999506,0.011962100048549473,34.41687549999915,17798,875,18673,3,1,True,True,True,True,332571c30120b8d74d3e367d00711ef1c3b8822df6773c6bce93f0d94750cc48,a984bcfa80ef9568fe6bfc8c5f28f38769950b8ffcc0b0323d0210b4e5b33b0c
luna_20260928_four_hand,A,allegro_v5,33,SKILL_AGENT,FAILURE,GOAL_NOT_REACHED_WITHIN_BUDGET,2.999999999999869,14.272275399882346,0.005597400129772723,14.27787280001212,16938,355,17293,3,2,True,True,True,True,332571c30120b8d74d3e367d00711ef1c3b8822df6773c6bce93f0d94750cc48,a984bcfa80ef9568fe6bfc8c5f28f38769950b8ffcc0b0323d0210b4e5b33b0c
luna_20260928_four_hand,A,allegro_v5,34,DIRECT_AGENT,FAILURE,GOAL_NOT_REACHED_WITHIN_BUDGET,2.999999999999869,78.44433109997772,0.17439490009564906,78.61872600007337,63938,2346,66284,7,6,True,True,True,True,7ee4e5649ee118be8f4270b02962798ec868c399fc75ee74509ae96198d6df51,a984bcfa80ef9568fe6bfc8c5f28f38769950b8ffcc0b0323d0210b4e5b33b0c
luna_20260928_four_hand,A,allegro_v5,34,SKILL_AGENT,FAILURE,GOAL_NOT_REACHED_WITHIN_BUDGET,2.999999999999869,19.712363899918273,0.005441500106826425,19.7178054000251,16988,627,17615,3,2,True,True,True,True,7ee4e5649ee118be8f4270b02962798ec868c399fc75ee74509ae96198d6df51,a984bcfa80ef9568fe6bfc8c5f28f38769950b8ffcc0b0323d0210b4e5b33b0c
luna_20260928_four_hand,A,allegro_v5,35,DIRECT_AGENT,FAILURE,GOAL_NOT_REACHED_WITHIN_BUDGET,2.999999999999869,100.39234089979436,0.16479080019053072,100.5571316999849,52673,3115,55788,6,5,True,True,True,True,b542d74234a516b0e76655ff86d3d03223804ed2acaf2848e27b9362b9965e06,a984bcfa80ef9568fe6bfc8c5f28f38769950b8ffcc0b0323d0210b4e5b33b0c
luna_20260928_four_hand,A,allegro_v5,35,SKILL_AGENT,FAILURE,GOAL_NOT_REACHED_WITHIN_BUDGET,2.999999999999869,21.012316100066528,0.00567009998485446,21.017986200051382,32249,654,32903,5,3,True,True,True,True,b542d74234a516b0e76655ff86d3d03223804ed2acaf2848e27b9362b9965e06,a984bcfa80ef9568fe6bfc8c5f28f38769950b8ffcc0b0323d0210b4e5b33b0c
luna_20260928_four_hand,A,allegro_v5,36,DIRECT_AGENT,FAILURE,GOAL_NOT_REACHED_WITHIN_BUDGET,2.999999999999869,44.882456900086254,0.1231127999490127,45.00556970003527,27636,1443,29079,4,3,True,True,True,True,76a593d6aed6341ce64c5f2083b07d05c56162f42299492681b7b45c14684aee,a984bcfa80ef9568fe6bfc8c5f28f38769950b8ffcc0b0323d0210b4e5b33b0c
luna_20260928_four_hand,A,allegro_v5,36,SKILL_AGENT,FAILURE,GOAL_NOT_REACHED_WITHIN_BUDGET,2.999999999999869,23.532653500093147,0.010836099972948432,23.543489600066096,25476,749,26225,4,3,True,True,True,True,76a593d6aed6341ce64c5f2083b07d05c56162f42299492681b7b45c14684aee,a984bcfa80ef9568fe6bfc8c5f28f38769950b8ffcc0b0323d0210b4e5b33b0c
luna_20260928_four_hand,A,allegro_v5,37,DIRECT_AGENT,FAILURE,GOAL_NOT_REACHED_WITHIN_BUDGET,2.999999999999869,55.20045669993851,0.1503564000595361,55.35081309999805,49766,2027,51793,6,5,True,True,True,True,8f497a1ce34a4f8bf71133d7eb19853c5342710886eeee2ae6d841ea5d7d1cd7,a984bcfa80ef9568fe6bfc8c5f28f38769950b8ffcc0b0323d0210b4e5b33b0c
luna_20260928_four_hand,A,allegro_v5,37,SKILL_AGENT,FAILURE,GOAL_NOT_REACHED_WITHIN_BUDGET,2.999999999999869,18.6606732000364,0.005336199887096882,18.666009399923496,16969,449,17418,3,2,True,True,True,True,8f497a1ce34a4f8bf71133d7eb19853c5342710886eeee2ae6d841ea5d7d1cd7,a984bcfa80ef9568fe6bfc8c5f28f38769950b8ffcc0b0323d0210b4e5b33b0c
luna_20260928_four_hand,A,allegro_v5,38,DIRECT_AGENT,FAILURE,GOAL_NOT_REACHED_WITHIN_BUDGET,2.999999999999869,41.62168180011213,0.17993419989943504,41.80161600001156,38003,1791,39794,5,3,True,True,True,True,507619a72a61359ec8db3d1a9cf8eb092c5e53f904ffbd00953e224f5242a52a,a984bcfa80ef9568fe6bfc8c5f28f38769950b8ffcc0b0323d0210b4e5b33b0c
luna_20260928_four_hand,A,allegro_v5,38,SKILL_AGENT,FAILURE,GOAL_NOT_REACHED_WITHIN_BUDGET,2.999999999999869,36.391219200217165,0.011850299779325724,36.40306949999649,81409,967,82376,9,6,True,True,True,True,507619a72a61359ec8db3d1a9cf8eb092c5e53f904ffbd00953e224f5242a52a,a984bcfa80ef9568fe6bfc8c5f28f38769950b8ffcc0b0323d0210b4e5b33b0c
luna_20260928_four_hand,A,allegro_v5,39,DIRECT_AGENT,SUCCESS,,1.272000000000001,35.29728900024202,0.0749500998063013,35.37223910004832,27884,1499,29383,4,3,True,True,True,True,387ad5b292425a2c8eeaa0f3467cb3c83ea7beda3aa57e04979dea80e7b6dc42,a984bcfa80ef9568fe6bfc8c5f28f38769950b8ffcc0b0323d0210b4e5b33b0c
luna_20260928_four_hand,A,allegro_v5,39,SKILL_AGENT,SUCCESS,,0.17000000000000012,23.451329699950293,0.02253539999946952,23.473865099949762,54018,688,54706,7,4,True,True,True,True,387ad5b292425a2c8eeaa0f3467cb3c83ea7beda3aa57e04979dea80e7b6dc42,a984bcfa80ef9568fe6bfc8c5f28f38769950b8ffcc0b0323d0210b4e5b33b0c
luna_20260928_four_hand,A,allegro_v5,40,DIRECT_AGENT,FAILURE,GOAL_NOT_REACHED_WITHIN_BUDGET,2.999999999999869,77.03329549974296,0.17125950020272285,77.20455499994569,63454,2437,65891,7,6,True,True,True,True,0b0e642388ab06279b38da51971f92609aeb107cf7a2bebb7224059042c8c8ed,a984bcfa80ef9568fe6bfc8c5f28f38769950b8ffcc0b0323d0210b4e5b33b0c
luna_20260928_four_hand,A,allegro_v5,40,SKILL_AGENT,FAILURE,GOAL_NOT_REACHED_WITHIN_BUDGET,2.999999999999869,23.696427199989557,0.016775800031609833,23.713203000021167,45846,766,46612,6,4,True,True,True,True,0b0e642388ab06279b38da51971f92609aeb107cf7a2bebb7224059042c8c8ed,a984bcfa80ef9568fe6bfc8c5f28f38769950b8ffcc0b0323d0210b4e5b33b0c
luna_20260928_four_hand,A,allegro_v5,41,DIRECT_AGENT,FAILURE,GOAL_NOT_REACHED_WITHIN_BUDGET,2.999999999999869,63.85502910008654,0.09750379994511604,63.952532900031656,38918,2058,40976,5,4,True,True,True,True,cd07a215b67009bcb4aa97018304694479fc24402e4a91084e8d811e015ff855,a984bcfa80ef9568fe6bfc8c5f28f38769950b8ffcc0b0323d0210b4e5b33b0c
luna_20260928_four_hand,A,allegro_v5,41,SKILL_AGENT,FAILURE,GOAL_NOT_REACHED_WITHIN_BUDGET,2.999999999999869,18.11432249995414,0.208448400022462,18.322770899976604,39292,511,39803,5,6,True,True,True,True,cd07a215b67009bcb4aa97018304694479fc24402e4a91084e8d811e015ff855,a984bcfa80ef9568fe6bfc8c5f28f38769950b8ffcc0b0323d0210b4e5b33b0c
luna_20260928_four_hand,A,allegro_v5,42,DIRECT_AGENT,FAILURE,GOAL_NOT_REACHED_WITHIN_BUDGET,2.999999999999869,69.28712039999664,0.06964989996049553,69.35677029995713,49558,2294,51852,6,4,True,True,True,True,482fbe866cd5451a589c68f44f3324d9630a15089e8e7aa839d936e438cf5347,a984bcfa80ef9568fe6bfc8c5f28f38769950b8ffcc0b0323d0210b4e5b33b0c
luna_20260928_four_hand,A,allegro_v5,42,SKILL_AGENT,FAILURE,GOAL_NOT_REACHED_WITHIN_BUDGET,2.999999999999869,5.282898500096053,0.15938440000172704,5.44228290009778,10107,92,10199,2,1,True,True,True,True,482fbe866cd5451a589c68f44f3324d9630a15089e8e7aa839d936e438cf5347,a984bcfa80ef9568fe6bfc8c5f28f38769950b8ffcc0b0323d0210b4e5b33b0c
luna_20260928_four_hand,A,allegro_v5,43,DIRECT_AGENT,FAILURE,GOAL_NOT_REACHED_WITHIN_BUDGET,2.999999999999869,56.60660559986718,0.17129550012759864,56.77790109999478,62758,1788,64546,7,6,True,True,True,True,6918c6c386c15bb1cbe1f0ded5ca8965c1803a64ba38051fe52c400c1939b8c0,a984bcfa80ef9568fe6bfc8c5f28f38769950b8ffcc0b0323d0210b4e5b33b0c
luna_20260928_four_hand,A,allegro_v5,43,SKILL_AGENT,FAILURE,GOAL_NOT_REACHED_WITHIN_BUDGET,2.999999999999869,26.691499200067483,0.006044899928383529,26.697544099995866,42938,757,43695,6,3,True,True,True,True,6918c6c386c15bb1cbe1f0ded5ca8965c1803a64ba38051fe52c400c1939b8c0,a984bcfa80ef9568fe6bfc8c5f28f38769950b8ffcc0b0323d0210b4e5b33b0c
luna_20260928_four_hand,A,allegro_v5,44,DIRECT_AGENT,FAILURE,GOAL_NOT_REACHED_WITHIN_BUDGET,2.999999999999869,84.18519160000142,0.15875249996315688,84.34394409996457,52399,2961,55360,6,4,True,True,True,True,9568cfbbd6169e67afb949445659ff98b42f99bb01f589b682a3496eca252d39,a984bcfa80ef9568fe6bfc8c5f28f38769950b8ffcc0b0323d0210b4e5b33b0c
luna_20260928_four_hand,A,allegro_v5,44,SKILL_AGENT,FAILURE,GOAL_NOT_REACHED_WITHIN_BUDGET,2.999999999999869,14.605340800015256,0.16736710001714528,14.772707900032401,25751,473,26224,4,3,True,True,True,True,9568cfbbd6169e67afb949445659ff98b42f99bb01f589b682a3496eca252d39,a984bcfa80ef9568fe6bfc8c5f28f38769950b8ffcc0b0323d0210b4e5b33b0c
luna_20260928_four_hand,A,allegro_v5,45,DIRECT_AGENT,SUCCESS,,0.10000000000000006,23.393737599952146,0.005737300030887127,23.399474899983034,10563,595,11158,2,1,True,True,True,True,570e59ae586c47fad5fd6c9e948f1fe32de35e24bb8746a2bf2e67803cc3924d,a984bcfa80ef9568fe6bfc8c5f28f38769950b8ffcc0b0323d0210b4e5b33b0c
luna_20260928_four_hand,A,allegro_v5,45,SKILL_AGENT,SUCCESS,,0.10000000000000006,14.599043700029142,0.005919500021263957,14.604963200050406,16983,460,17443,3,2,True,True,True,True,570e59ae586c47fad5fd6c9e948f1fe32de35e24bb8746a2bf2e67803cc3924d,a984bcfa80ef9568fe6bfc8c5f28f38769950b8ffcc0b0323d0210b4e5b33b0c
luna_20260928_four_hand,A,allegro_v5,46,DIRECT_AGENT,FAILURE,GOAL_NOT_REACHED_WITHIN_BUDGET,2.999999999999869,42.51861199992709,0.16294760012533516,42.681559600052424,28143,1733,29876,4,3,True,True,True,True,e388f29088600ce53edac214fefc5b7b36ff6673db0b1306863d90f8d5642966,a984bcfa80ef9568fe6bfc8c5f28f38769950b8ffcc0b0323d0210b4e5b33b0c
luna_20260928_four_hand,A,allegro_v5,46,SKILL_AGENT,FAILURE,GOAL_NOT_REACHED_WITHIN_BUDGET,2.999999999999869,18.55706099991221,0.16699140006676316,18.724052399978973,17540,617,18157,3,2,True,True,True,True,e388f29088600ce53edac214fefc5b7b36ff6673db0b1306863d90f8d5642966,a984bcfa80ef9568fe6bfc8c5f28f38769950b8ffcc0b0323d0210b4e5b33b0c
luna_20260928_four_hand,A,allegro_v5,47,DIRECT_AGENT,FAILURE,GOAL_NOT_REACHED_WITHIN_BUDGET,2.999999999999869,43.91440310003236,0.12964369996916503,44.044046800001524,27648,2046,29694,4,3,True,True,True,True,3028199b4d03354119fb258c14c47697820257a08bd0307ce24353a9c072122a,a984bcfa80ef9568fe6bfc8c5f28f38769950b8ffcc0b0323d0210b4e5b33b0c
luna_20260928_four_hand,A,allegro_v5,47,SKILL_AGENT,FAILURE,GOAL_NOT_REACHED_WITHIN_BUDGET,2.999999999999869,15.07812330010347,0.16787459992337972,15.24599790002685,17276,325,17601,3,2,True,True,True,True,3028199b4d03354119fb258c14c47697820257a08bd0307ce24353a9c072122a,a984bcfa80ef9568fe6bfc8c5f28f38769950b8ffcc0b0323d0210b4e5b33b0c
luna_20260928_four_hand,A,allegro_v5,48,DIRECT_AGENT,SUCCESS,,0.10000000000000006,24.426012000069022,0.006328999996185303,24.432341000065207,17758,634,18392,3,1,True,True,True,True,943c89bea6b9683ad2c70e804e9b86605c1eabe74541440d4a57f0a8a1dad444,a984bcfa80ef9568fe6bfc8c5f28f38769950b8ffcc0b0323d0210b4e5b33b0c
luna_20260928_four_hand,A,allegro_v5,48,SKILL_AGENT,SUCCESS,,0.10000000000000006,12.343469000072218,0.01144529995508492,12.354914300027303,17145,238,17383,3,2,True,True,True,True,943c89bea6b9683ad2c70e804e9b86605c1eabe74541440d4a57f0a8a1dad444,a984bcfa80ef9568fe6bfc8c5f28f38769950b8ffcc0b0323d0210b4e5b33b0c
luna_20260928_four_hand,A,allegro_v5,49,DIRECT_AGENT,FAILURE,GOAL_NOT_REACHED_WITHIN_BUDGET,2.999999999999869,76.29016009997576,0.11465520004276186,76.40481530001853,37851,2403,40254,5,4,True,True,True,True,683559939d964a80261cd60291451fe45abcca35f78a5322e5571824a462257b,a984bcfa80ef9568fe6bfc8c5f28f38769950b8ffcc0b0323d0210b4e5b33b0c
luna_20260928_four_hand,A,allegro_v5,49,SKILL_AGENT,FAILURE,GOAL_NOT_REACHED_WITHIN_BUDGET,2.999999999999869,28.548055900027975,0.005258099990896881,28.553314000018872,23002,770,23772,4,2,True,True,True,True,683559939d964a80261cd60291451fe45abcca35f78a5322e5571824a462257b,a984bcfa80ef9568fe6bfc8c5f28f38769950b8ffcc0b0323d0210b4e5b33b0c
luna_20260928_four_hand,A,allegro_v5,50,DIRECT_AGENT,FAILURE,GOAL_NOT_REACHED_WITHIN_BUDGET,2.999999999999869,39.306405999930575,0.16311520000454038,39.469521199935116,37700,1683,39383,5,4,True,True,True,True,7cf1d364a6c897903cb884dbb9a9dd28dc39858a345162832b6da582dcdb518d,a984bcfa80ef9568fe6bfc8c5f28f38769950b8ffcc0b0323d0210b4e5b33b0c
luna_20260928_four_hand,A,allegro_v5,50,SKILL_AGENT,FAILURE,GOAL_NOT_REACHED_WITHIN_BUDGET,2.999999999999869,15.90946720005013,0.17086989991366863,16.0803370999638,25414,423,25837,4,3,True,True,True,True,7cf1d364a6c897903cb884dbb9a9dd28dc39858a345162832b6da582dcdb518d,a984bcfa80ef9568fe6bfc8c5f28f38769950b8ffcc0b0323d0210b4e5b33b0c
luna_20260928_four_hand,A,allegro_v5,51,DIRECT_AGENT,SUCCESS,,0.19800000000000015,15.46129479992669,0.011881500016897917,15.473176299943589,10303,367,10670,2,1,True,True,True,True,08f9c2236bd311c852622e0701f8ebd0fa4998e841d60c855c89e472d1a2646a,a984bcfa80ef9568fe6bfc8c5f28f38769950b8ffcc0b0323d0210b4e5b33b0c
luna_20260928_four_hand,A,allegro_v5,51,SKILL_AGENT,SUCCESS,,0.2420000000000002,13.119924900121987,0.019765199860557914,13.139690099982545,25149,282,25431,4,3,True,True,True,True,08f9c2236bd311c852622e0701f8ebd0fa4998e841d60c855c89e472d1a2646a,a984bcfa80ef9568fe6bfc8c5f28f38769950b8ffcc0b0323d0210b4e5b33b0c
luna_20260928_four_hand,A,allegro_v5,52,DIRECT_AGENT,SUCCESS,,0.10000000000000006,17.89747709990479,0.006206299993209541,17.903683399898,17699,641,18340,3,2,True,True,True,True,91882c58b02d4044d1bd387e434b85e8748bdab4b89fa85360350cff77372f6b,a984bcfa80ef9568fe6bfc8c5f28f38769950b8ffcc0b0323d0210b4e5b33b0c
luna_20260928_four_hand,A,allegro_v5,52,SKILL_AGENT,SUCCESS,,0.26200000000000023,9.110103900078684,0.02099429990630597,9.13109819998499,16938,191,17129,3,2,True,True,True,True,91882c58b02d4044d1bd387e434b85e8748bdab4b89fa85360350cff77372f6b,a984bcfa80ef9568fe6bfc8c5f28f38769950b8ffcc0b0323d0210b4e5b33b0c
luna_20260928_four_hand,A,allegro_v5,53,DIRECT_AGENT,FAILURE,GOAL_NOT_REACHED_WITHIN_BUDGET,2.999999999999869,72.6306067998521,0.16266580019146204,72.79327260004357,76706,2339,79045,8,6,True,True,True,True,5a85f55b68840d4fc3643287264332166fe191d232f11fb2c90e748960fe6f08,a984bcfa80ef9568fe6bfc8c5f28f38769950b8ffcc0b0323d0210b4e5b33b0c
luna_20260928_four_hand,A,allegro_v5,53,SKILL_AGENT,FAILURE,GOAL_NOT_REACHED_WITHIN_BUDGET,2.999999999999869,19.77528850012459,0.171660199877806,19.946948700002395,25595,660,26255,4,3,True,True,True,True,5a85f55b68840d4fc3643287264332166fe191d232f11fb2c90e748960fe6f08,a984bcfa80ef9568fe6bfc8c5f28f38769950b8ffcc0b0323d0210b4e5b33b0c
luna_20260928_four_hand,A,allegro_v5,54,DIRECT_AGENT,FAILURE,GOAL_NOT_REACHED_WITHIN_BUDGET,2.999999999999869,50.04407469998114,0.09365910000633448,50.13773379998747,37309,2143,39452,5,4,True,True,True,True,aeb8f3dd1d8c54a55d2e436d5797afe15eb71692d110e2bbe48348d812eb383e,a984bcfa80ef9568fe6bfc8c5f28f38769950b8ffcc0b0323d0210b4e5b33b0c
luna_20260928_four_hand,A,allegro_v5,54,SKILL_AGENT,FAILURE,GOAL_NOT_REACHED_WITHIN_BUDGET,2.999999999999869,27.52334030007478,0.005466699949465692,27.528807000024244,32410,786,33196,5,3,True,True,True,True,aeb8f3dd1d8c54a55d2e436d5797afe15eb71692d110e2bbe48348d812eb383e,a984bcfa80ef9568fe6bfc8c5f28f38769950b8ffcc0b0323d0210b4e5b33b0c
luna_20260928_four_hand,A,allegro_v5,55,DIRECT_AGENT,FAILURE,GOAL_NOT_REACHED_WITHIN_BUDGET,2.999999999999869,72.75219219992869,0.13647060003131628,72.88866279996,38883,2493,41376,5,4,True,True,True,True,7e7ed77533c67ef41860b82d8048fe664d1072ba50d7fac285f620ddb26299ae,a984bcfa80ef9568fe6bfc8c5f28f38769950b8ffcc0b0323d0210b4e5b33b0c
luna_20260928_four_hand,A,allegro_v5,55,SKILL_AGENT,FAILURE,GOAL_NOT_REACHED_WITHIN_BUDGET,2.999999999999869,34.847844599979,0.005885999999009073,34.85373059997801,57467,881,58348,7,5,True,True,True,True,7e7ed77533c67ef41860b82d8048fe664d1072ba50d7fac285f620ddb26299ae,a984bcfa80ef9568fe6bfc8c5f28f38769950b8ffcc0b0323d0210b4e5b33b0c
luna_20260928_four_hand,A,allegro_v5,56,DIRECT_AGENT,FAILURE,GOAL_NOT_REACHED_WITHIN_BUDGET,2.999999999999869,56.19618230010383,0.17565339989960194,56.37183570000343,63829,2402,66231,7,5,True,True,True,True,3aa4e4ec7ae5b8ddbfbcf1c7e81984297f20a7147121fdcc2e1d8936c4f41f31,a984bcfa80ef9568fe6bfc8c5f28f38769950b8ffcc0b0323d0210b4e5b33b0c
luna_20260928_four_hand,A,allegro_v5,56,SKILL_AGENT,FAILURE,GOAL_NOT_REACHED_WITHIN_BUDGET,2.999999999999869,37.93176119995769,0.16839440003968775,38.10015559999738,35507,706,36213,5,4,True,True,True,True,3aa4e4ec7ae5b8ddbfbcf1c7e81984297f20a7147121fdcc2e1d8936c4f41f31,a984bcfa80ef9568fe6bfc8c5f28f38769950b8ffcc0b0323d0210b4e5b33b0c
luna_20260928_four_hand,A,allegro_v5,57,DIRECT_AGENT,SUCCESS,,1.1680000000000008,37.05962050007656,0.06403399992268533,37.12365449999925,18981,1631,20612,3,2,True,True,True,True,d71d3956673d17fbc0676e6ee3082a13ec7ac27a05b714211b80609a0ff3388b,a984bcfa80ef9568fe6bfc8c5f28f38769950b8ffcc0b0323d0210b4e5b33b0c
luna_20260928_four_hand,A,allegro_v5,57,SKILL_AGENT,FAILURE,GOAL_NOT_REACHED_WITHIN_BUDGET,2.999999999999869,38.2946712000994,0.17615419998764992,38.47082540008705,34898,520,35418,5,4,True,True,True,True,d71d3956673d17fbc0676e6ee3082a13ec7ac27a05b714211b80609a0ff3388b,a984bcfa80ef9568fe6bfc8c5f28f38769950b8ffcc0b0323d0210b4e5b33b0c
luna_20260928_four_hand,A,allegro_v5,58,DIRECT_AGENT,FAILURE,GOAL_NOT_REACHED_WITHIN_BUDGET,2.999999999999869,35.81530489993747,0.1581793000223115,35.973484199959785,27774,1533,29307,4,3,True,True,True,True,e5531ad90f7679efab8b08316700088a13a6e0fca3ff50e277f49d37738ac4e3,a984bcfa80ef9568fe6bfc8c5f28f38769950b8ffcc0b0323d0210b4e5b33b0c
luna_20260928_four_hand,A,allegro_v5,58,SKILL_AGENT,FAILURE,GOAL_NOT_REACHED_WITHIN_BUDGET,2.999999999999869,68.61238839989528,0.17245500010903925,68.78484340000432,57675,664,58339,7,5,True,True,True,True,e5531ad90f7679efab8b08316700088a13a6e0fca3ff50e277f49d37738ac4e3,a984bcfa80ef9568fe6bfc8c5f28f38769950b8ffcc0b0323d0210b4e5b33b0c
luna_20260928_four_hand,A,allegro_v5,59,DIRECT_AGENT,FAILURE,GOAL_NOT_REACHED_WITHIN_BUDGET,2.999999999999869,46.81333060003817,0.0865023999940604,46.89983300003223,28248,2164,30412,4,3,True,True,True,True,ceb1e3e7e47aa1bd8e3e8712f60c159abe59053150bf50430b9bb5f361fd78f1,a984bcfa80ef9568fe6bfc8c5f28f38769950b8ffcc0b0323d0210b4e5b33b0c
luna_20260928_four_hand,A,allegro_v5,59,SKILL_AGENT,FAILURE,GOAL_NOT_REACHED_WITHIN_BUDGET,2.999999999999869,46.397685399861075,0.17731900012586266,46.57500439998694,54026,1102,55128,7,5,True,True,True,True,ceb1e3e7e47aa1bd8e3e8712f60c159abe59053150bf50430b9bb5f361fd78f1,a984bcfa80ef9568fe6bfc8c5f28f38769950b8ffcc0b0323d0210b4e5b33b0c
luna_20260928_four_hand,A,allegro_v5,60,DIRECT_AGENT,FAILURE,GOAL_NOT_REACHED_WITHIN_BUDGET,2.999999999999869,68.82836090005003,0.17973719991277903,69.00809809996281,39191,2488,41679,5,4,True,True,True,True,fbb095cf86095ab8d751ffc88f1ef50cd3e1b15d3ba8a8f4e0931c06eeaa6e36,a984bcfa80ef9568fe6bfc8c5f28f38769950b8ffcc0b0323d0210b4e5b33b0c
luna_20260928_four_hand,A,allegro_v5,60,SKILL_AGENT,FAILURE,GOAL_NOT_REACHED_WITHIN_BUDGET,2.999999999999869,30.498871599906124,0.005307700135745108,30.50417930004187,25269,805,26074,4,2,True,True,True,True,fbb095cf86095ab8d751ffc88f1ef50cd3e1b15d3ba8a8f4e0931c06eeaa6e36,a984bcfa80ef9568fe6bfc8c5f28f38769950b8ffcc0b0323d0210b4e5b33b0c
luna_20260928_four_hand,A,allegro_v5,61,DIRECT_AGENT,FAILURE,GOAL_NOT_REACHED_WITHIN_BUDGET,2.999999999999869,60.018084099981934,0.14158030005637556,60.15966440003831,39099,2752,41851,5,4,True,True,True,True,0fa4b47f89f461109040c4009ef661132346a016fa1c678ea9d01eb9583309b8,a984bcfa80ef9568fe6bfc8c5f28f38769950b8ffcc0b0323d0210b4e5b33b0c
luna_20260928_four_hand,A,allegro_v5,61,SKILL_AGENT,FAILURE,GOAL_NOT_REACHED_WITHIN_BUDGET,2.999999999999869,24.61806600005366,0.18772539997007698,24.805791400023736,35165,529,35694,5,4,True,True,True,True,0fa4b47f89f461109040c4009ef661132346a016fa1c678ea9d01eb9583309b8,a984bcfa80ef9568fe6bfc8c5f28f38769950b8ffcc0b0323d0210b4e5b33b0c
luna_20260928_four_hand,A,allegro_v5,62,DIRECT_AGENT,FAILURE,GOAL_NOT_REACHED_WITHIN_BUDGET,2.999999999999869,56.54520950000733,0.16467520000878721,56.70988470001612,50846,2235,53081,6,5,True,True,True,True,457eb0abe08315ae874a5705b94151305bb34d361541c44d44f7739ed82266e8,a984bcfa80ef9568fe6bfc8c5f28f38769950b8ffcc0b0323d0210b4e5b33b0c
luna_20260928_four_hand,A,allegro_v5,62,SKILL_AGENT,FAILURE,GOAL_NOT_REACHED_WITHIN_BUDGET,2.999999999999869,32.498507599928416,0.16413460008334368,32.66264220001176,45421,655,46076,6,5,True,True,True,True,457eb0abe08315ae874a5705b94151305bb34d361541c44d44f7739ed82266e8,a984bcfa80ef9568fe6bfc8c5f28f38769950b8ffcc0b0323d0210b4e5b33b0c
luna_20260928_four_hand,A,allegro_v5,63,DIRECT_AGENT,FAILURE,GOAL_NOT_REACHED_WITHIN_BUDGET,2.999999999999869,56.92334470001515,0.16262740001548082,57.08597210003063,50126,2170,52296,6,5,True,True,True,True,159632c4a007a9b0994eb29b137872bc0a1cd48627a59e6e2815e2f34cd38ed3,a984bcfa80ef9568fe6bfc8c5f28f38769950b8ffcc0b0323d0210b4e5b33b0c
luna_20260928_four_hand,A,allegro_v5,63,SKILL_AGENT,FAILURE,GOAL_NOT_REACHED_WITHIN_BUDGET,2.999999999999869,11.06901169999037,0.005287299980409443,11.074298999970779,23002,262,23264,4,2,True,True,True,True,159632c4a007a9b0994eb29b137872bc0a1cd48627a59e6e2815e2f34cd38ed3,a984bcfa80ef9568fe6bfc8c5f28f38769950b8ffcc0b0323d0210b4e5b33b0c
luna_20260928_four_hand,A,allegro_v5,64,DIRECT_AGENT,SUCCESS,,1.9699999999999822,47.73991870007012,0.10427109990268946,47.84418979997281,36945,1594,38539,5,3,True,True,True,True,892e5438379fdf669d15869883ea404be386bd5f025f348035671d618c00de3c,a984bcfa80ef9568fe6bfc8c5f28f38769950b8ffcc0b0323d0210b4e5b33b0c
luna_20260928_four_hand,A,allegro_v5,64,SKILL_AGENT,SUCCESS,,0.31400000000000017,7.226972099975683,0.022914999979548156,7.249887099955231,10071,79,10150,2,1,True,True,True,True,892e5438379fdf669d15869883ea404be386bd5f025f348035671d618c00de3c,a984bcfa80ef9568fe6bfc8c5f28f38769950b8ffcc0b0323d0210b4e5b33b0c
luna_20260928_four_hand,A,allegro_v5,65,DIRECT_AGENT,SUCCESS,,1.276000000000001,29.096469099866226,0.06820480013266206,29.16467389999889,26880,1264,28144,4,3,True,True,True,True,603086c575badb6f01974be8b10d800333f84cc55cc0759c9e4597a111ab07f1,a984bcfa80ef9568fe6bfc8c5f28f38769950b8ffcc0b0323d0210b4e5b33b0c
luna_20260928_four_hand,A,allegro_v5,65,SKILL_AGENT,FAILURE,GOAL_NOT_REACHED_WITHIN_BUDGET,2.999999999999869,22.677799200173467,0.006277899839915335,22.684077100013383,25079,434,25513,4,3,True,True,True,True,603086c575badb6f01974be8b10d800333f84cc55cc0759c9e4597a111ab07f1,a984bcfa80ef9568fe6bfc8c5f28f38769950b8ffcc0b0323d0210b4e5b33b0c
luna_20260928_four_hand,A,allegro_v5,66,DIRECT_AGENT,FAILURE,GOAL_NOT_REACHED_WITHIN_BUDGET,2.999999999999869,48.131252699997276,0.12039770011324435,48.25165040011052,27921,1860,29781,4,3,True,True,True,True,85acc280c06196c8a43aa143d0ce9c2c70ca5e477b272eebf9af3e90e7531555,a984bcfa80ef9568fe6bfc8c5f28f38769950b8ffcc0b0323d0210b4e5b33b0c
luna_20260928_four_hand,A,allegro_v5,66,SKILL_AGENT,FAILURE,GOAL_NOT_REACHED_WITHIN_BUDGET,2.999999999999869,18.681670099962503,0.17347839998546988,18.855148499947973,25490,433,25923,4,3,True,True,True,True,85acc280c06196c8a43aa143d0ce9c2c70ca5e477b272eebf9af3e90e7531555,a984bcfa80ef9568fe6bfc8c5f28f38769950b8ffcc0b0323d0210b4e5b33b0c
luna_20260928_four_hand,A,allegro_v5,67,DIRECT_AGENT,FAILURE,GOAL_NOT_REACHED_WITHIN_BUDGET,2.999999999999869,54.843355899793096,0.16494920011609793,55.008305099909194,62777,2197,64974,7,5,True,True,True,True,94e202ef6167327a468b9c6a16cab05aa6775112853dad3bc7a465dca7893223,a984bcfa80ef9568fe6bfc8c5f28f38769950b8ffcc0b0323d0210b4e5b33b0c
luna_20260928_four_hand,A,allegro_v5,67,SKILL_AGENT,FAILURE,GOAL_NOT_REACHED_WITHIN_BUDGET,2.999999999999869,26.57682379987091,0.005971300066448748,26.582795099937357,16974,668,17642,3,2,True,True,True,True,94e202ef6167327a468b9c6a16cab05aa6775112853dad3bc7a465dca7893223,a984bcfa80ef9568fe6bfc8c5f28f38769950b8ffcc0b0323d0210b4e5b33b0c
luna_20260928_four_hand,A,allegro_v5,68,DIRECT_AGENT,FAILURE,GOAL_NOT_REACHED_WITHIN_BUDGET,2.999999999999869,58.76421029982157,0.16097070020623505,58.925181000027806,52260,2612,54872,6,5,True,True,True,True,12d3c61bca55cc216232f8c18d599fa5bae020fea01c0c7697539af5681052ec,a984bcfa80ef9568fe6bfc8c5f28f38769950b8ffcc0b0323d0210b4e5b33b0c
luna_20260928_four_hand,A,allegro_v5,68,SKILL_AGENT,FAILURE,GOAL_NOT_REACHED_WITHIN_BUDGET,2.999999999999869,17.223656300106086,0.02913439995609224,17.252790700062178,20791,413,21204,3,5,True,True,True,True,12d3c61bca55cc216232f8c18d599fa5bae020fea01c0c7697539af5681052ec,a984bcfa80ef9568fe6bfc8c5f28f38769950b8ffcc0b0323d0210b4e5b33b0c
luna_20260928_four_hand,A,allegro_v5,69,DIRECT_AGENT,FAILURE,GOAL_NOT_REACHED_WITHIN_BUDGET,2.999999999999869,41.04375179996714,0.06518050003796816,41.10893230000511,26941,1500,28441,4,2,True,True,True,True,875ccc4b835989a3f37ced05663af53a7112ec6aa47eb7264b521195c82559ad,a984bcfa80ef9568fe6bfc8c5f28f38769950b8ffcc0b0323d0210b4e5b33b0c
luna_20260928_four_hand,A,allegro_v5,69,SKILL_AGENT,FAILURE,GOAL_NOT_REACHED_WITHIN_BUDGET,2.999999999999869,38.37557100004051,0.16785939992405474,38.54343039996456,45332,715,46047,6,4,True,True,True,True,875ccc4b835989a3f37ced05663af53a7112ec6aa47eb7264b521195c82559ad,a984bcfa80ef9568fe6bfc8c5f28f38769950b8ffcc0b0323d0210b4e5b33b0c
luna_20260928_four_hand,A,allegro_v5,70,DIRECT_AGENT,FAILURE,GOAL_NOT_REACHED_WITHIN_BUDGET,2.999999999999869,45.56601900013629,0.10564569989219308,45.67166470002849,27237,1846,29083,4,3,True,True,True,True,86436b373096d80c119acc072cf10b6d7e7d3603fcf8caf3b41651bf42f7d918,a984bcfa80ef9568fe6bfc8c5f28f38769950b8ffcc0b0323d0210b4e5b33b0c
luna_20260928_four_hand,A,allegro_v5,70,SKILL_AGENT,FAILURE,GOAL_NOT_REACHED_WITHIN_BUDGET,2.999999999999869,23.128153499914333,0.16056950006168336,23.288722999976017,34679,539,35218,5,3,True,True,True,True,86436b373096d80c119acc072cf10b6d7e7d3603fcf8caf3b41651bf42f7d918,a984bcfa80ef9568fe6bfc8c5f28f38769950b8ffcc0b0323d0210b4e5b33b0c
luna_20260928_four_hand,A,allegro_v5,71,DIRECT_AGENT,SUCCESS,,1.8479999999999956,49.8986842999002,0.1016639000736177,50.000348199973814,37768,1739,39507,5,4,True,True,True,True,5812a8e35ba68af610efa8019ce63369e9d131d8e6a4cc47e8fca57363826bc9,a984bcfa80ef9568fe6bfc8c5f28f38769950b8ffcc0b0323d0210b4e5b33b0c
luna_20260928_four_hand,A,allegro_v5,71,SKILL_AGENT,SUCCESS,,0.5660000000000004,38.309314899961464,0.03794720000587404,38.34726209996734,43201,488,43689,6,4,True,True,True,True,5812a8e35ba68af610efa8019ce63369e9d131d8e6a4cc47e8fca57363826bc9,a984bcfa80ef9568fe6bfc8c5f28f38769950b8ffcc0b0323d0210b4e5b33b0c
luna_20260928_four_hand,A,allegro_v5,72,DIRECT_AGENT,FAILURE,GOAL_NOT_REACHED_WITHIN_BUDGET,2.999999999999869,66.03804610006046,0.12928999995347112,66.16733610001393,50800,2216,53016,6,5,True,True,True,True,d3c0c919e042a4958137f7f4be8adf6f9ebf3dbff3b53a23663e3f850d6364a7,a984bcfa80ef9568fe6bfc8c5f28f38769950b8ffcc0b0323d0210b4e5b33b0c
luna_20260928_four_hand,A,allegro_v5,72,SKILL_AGENT,FAILURE,GOAL_NOT_REACHED_WITHIN_BUDGET,2.999999999999869,36.05592920014169,0.17908309982158244,36.23501229996327,26273,641,26914,4,3,True,True,True,True,d3c0c919e042a4958137f7f4be8adf6f9ebf3dbff3b53a23663e3f850d6364a7,a984bcfa80ef9568fe6bfc8c5f28f38769950b8ffcc0b0323d0210b4e5b33b0c
luna_20260928_four_hand,A,allegro_v5,73,DIRECT_AGENT,FAILURE,GOAL_NOT_REACHED_WITHIN_BUDGET,2.999999999999869,44.25852639984805,0.17526670009829104,44.43379309994634,49469,1817,51286,6,5,True,True,True,True,2e85572519a2b99ad362367743d6bf05d018bf6bf55c9d06b95489571c924ff2,a984bcfa80ef9568fe6bfc8c5f28f38769950b8ffcc0b0323d0210b4e5b33b0c
luna_20260928_four_hand,A,allegro_v5,73,SKILL_AGENT,FAILURE,GOAL_NOT_REACHED_WITHIN_BUDGET,2.999999999999869,31.52699349995237,0.1655142999952659,31.692507799947634,34647,540,35187,5,4,True,True,True,True,2e85572519a2b99ad362367743d6bf05d018bf6bf55c9d06b95489571c924ff2,a984bcfa80ef9568fe6bfc8c5f28f38769950b8ffcc0b0323d0210b4e5b33b0c
luna_20260928_four_hand,A,allegro_v5,74,DIRECT_AGENT,SUCCESS,,0.2520000000000002,10.301845600013621,0.014002799987792969,10.315848400001414,10217,225,10442,2,1,True,True,True,True,dd5a9b9c1ae5112941b1b9cad922161c544e3b2bc6682d2064b36ff36a6939d6,a984bcfa80ef9568fe6bfc8c5f28f38769950b8ffcc0b0323d0210b4e5b33b0c
luna_20260928_four_hand,A,allegro_v5,74,SKILL_AGENT,SUCCESS,,0.3600000000000002,14.389987200149335,0.022813999908976257,14.412801200058311,16939,158,17097,3,2,True,True,True,True,dd5a9b9c1ae5112941b1b9cad922161c544e3b2bc6682d2064b36ff36a6939d6,a984bcfa80ef9568fe6bfc8c5f28f38769950b8ffcc0b0323d0210b4e5b33b0c
luna_20260928_four_hand,A,allegro_v5,75,DIRECT_AGENT,FAILURE,GOAL_NOT_REACHED_WITHIN_BUDGET,2.999999999999869,58.911029799841344,0.1946754001546651,59.10570519999601,50832,2375,53207,6,5,True,True,True,True,eca55351eb81a76142e80f55086aeb7f776f428aeaa2cc04aa7c63ad508e83ab,a984bcfa80ef9568fe6bfc8c5f28f38769950b8ffcc0b0323d0210b4e5b33b0c
luna_20260928_four_hand,A,allegro_v5,75,SKILL_AGENT,FAILURE,GOAL_NOT_REACHED_WITHIN_BUDGET,2.999999999999869,33.35503720014822,0.2108502999180928,33.56588750006631,25740,657,26397,4,3,True,True,True,True,eca55351eb81a76142e80f55086aeb7f776f428aeaa2cc04aa7c63ad508e83ab,a984bcfa80ef9568fe6bfc8c5f28f38769950b8ffcc0b0323d0210b4e5b33b0c
luna_20260928_four_hand,A,allegro_v5,76,DIRECT_AGENT,FAILURE,GOAL_NOT_REACHED_WITHIN_BUDGET,2.999999999999869,60.49417240009643,0.16046259994618595,60.65463500004262,62982,2177,65159,7,6,True,True,True,True,102b01540a49311f78e874e6bbf3472045d46afd28cd5e629cee44a50bfe00e9,a984bcfa80ef9568fe6bfc8c5f28f38769950b8ffcc0b0323d0210b4e5b33b0c
luna_20260928_four_hand,A,allegro_v5,76,SKILL_AGENT,FAILURE,GOAL_NOT_REACHED_WITHIN_BUDGET,2.999999999999869,33.04379460006021,0.19487959996331483,33.238674200023524,25706,773,26479,4,3,True,True,True,True,102b01540a49311f78e874e6bbf3472045d46afd28cd5e629cee44a50bfe00e9,a984bcfa80ef9568fe6bfc8c5f28f38769950b8ffcc0b0323d0210b4e5b33b0c
luna_20260928_four_hand,A,allegro_v5,77,DIRECT_AGENT,FAILURE,GOAL_NOT_REACHED_WITHIN_BUDGET,2.999999999999869,81.4978953001555,0.1404469998087734,81.63834229996428,66954,3089,70043,7,5,True,True,True,True,90a1874d502b56e3c66c3954d379d2f1f75d0f76e67bd3560dd803a312e1ad02,a984bcfa80ef9568fe6bfc8c5f28f38769950b8ffcc0b0323d0210b4e5b33b0c
luna_20260928_four_hand,A,allegro_v5,77,SKILL_AGENT,FAILURE,GOAL_NOT_REACHED_WITHIN_BUDGET,2.999999999999869,47.855495199910365,0.18508500012103468,48.0405802000314,67373,869,68242,8,5,True,True,True,True,90a1874d502b56e3c66c3954d379d2f1f75d0f76e67bd3560dd803a312e1ad02,a984bcfa80ef9568fe6bfc8c5f28f38769950b8ffcc0b0323d0210b4e5b33b0c
luna_20260928_four_hand,A,allegro_v5,78,DIRECT_AGENT,FAILURE,GOAL_NOT_REACHED_WITHIN_BUDGET,2.999999999999869,54.73619290010538,0.0949765999102965,54.831169500015676,48463,2036,50499,6,5,True,True,True,True,5b58f3b1b37cffb1b65a3d68291ffbed90b7bcc47150280f1562d2ae0504d0a5,a984bcfa80ef9568fe6bfc8c5f28f38769950b8ffcc0b0323d0210b4e5b33b0c
luna_20260928_four_hand,A,allegro_v5,78,SKILL_AGENT,FAILURE,GOAL_NOT_REACHED_WITHIN_BUDGET,2.999999999999869,20.303736899979413,0.18484060000628233,20.488577499985695,17393,427,17820,3,2,True,True,True,True,5b58f3b1b37cffb1b65a3d68291ffbed90b7bcc47150280f1562d2ae0504d0a5,a984bcfa80ef9568fe6bfc8c5f28f38769950b8ffcc0b0323d0210b4e5b33b0c
luna_20260928_four_hand,A,allegro_v5,79,DIRECT_AGENT,FAILURE,GOAL_NOT_REACHED_WITHIN_BUDGET,2.999999999999869,58.288203699863516,0.16739950014743954,58.455603200010955,49707,2035,51742,6,5,True,True,True,True,124cc872422a9a848018585eb6de3f9f75af0e1c21c530749b81a85ef8baa655,a984bcfa80ef9568fe6bfc8c5f28f38769950b8ffcc0b0323d0210b4e5b33b0c
luna_20260928_four_hand,A,allegro_v5,79,SKILL_AGENT,FAILURE,GOAL_NOT_REACHED_WITHIN_BUDGET,2.999999999999869,25.65670799999498,0.1716965000377968,25.828404500032775,17437,533,17970,3,2,True,True,True,True,124cc872422a9a848018585eb6de3f9f75af0e1c21c530749b81a85ef8baa655,a984bcfa80ef9568fe6bfc8c5f28f38769950b8ffcc0b0323d0210b4e5b33b0c
luna_20260928_four_hand,A,allegro_v5,80,DIRECT_AGENT,FAILURE,ACTUATOR_LIMIT,1.2020000000000008,45.28432540001813,0.06742209999356419,45.3517475000117,27572,1449,29021,4,3,True,True,True,True,5844089ebfa96ae11a8b31596c650957307492e3128d3f6c90ea3400311af4c4,a984bcfa80ef9568fe6bfc8c5f28f38769950b8ffcc0b0323d0210b4e5b33b0c
luna_20260928_four_hand,A,allegro_v5,80,SKILL_AGENT,FAILURE,GOAL_NOT_REACHED_WITHIN_BUDGET,2.999999999999869,19.15838859998621,0.19853860000148416,19.356927199987695,35115,558,35673,5,4,True,True,True,True,5844089ebfa96ae11a8b31596c650957307492e3128d3f6c90ea3400311af4c4,a984bcfa80ef9568fe6bfc8c5f28f38769950b8ffcc0b0323d0210b4e5b33b0c
luna_20260928_four_hand,A,allegro_v5,81,SKILL_AGENT,FAILURE,GOAL_NOT_REACHED_WITHIN_BUDGET,2.999999999999869,36.75658879999537,0.17169860005378723,36.92828740004916,42245,614,42859,6,4,True,True,True,False,8608bedc1932ad9a955ea966ed96f0baa9cd568370ac473fe1a45c7d56db85cf,a984bcfa80ef9568fe6bfc8c5f28f38769950b8ffcc0b0323d0210b4e5b33b0c
luna_20260928_four_hand,A,allegro_v5,82,SKILL_AGENT,FAILURE,GOAL_NOT_REACHED_WITHIN_BUDGET,2.999999999999869,25.065529700019397,0.16823389998171479,25.23376360000111,45562,701,46263,6,4,True,True,True,False,41a7943460e7e86b0d1374403a54aba2807272c65290699cb53bab985dcb1e37,a984bcfa80ef9568fe6bfc8c5f28f38769950b8ffcc0b0323d0210b4e5b33b0c
luna_20260928_four_hand,A,allegro_v5,83,SKILL_AGENT,FAILURE,GOAL_NOT_REACHED_WITHIN_BUDGET,2.999999999999869,39.115336699876934,0.011228800169192255,39.12656550004613,34712,724,35436,5,3,True,True,True,False,913435700465162db05a6587dfe837f60cacc960058c02f0b748a6039900df9e,a984bcfa80ef9568fe6bfc8c5f28f38769950b8ffcc0b0323d0210b4e5b33b0c
luna_20260928_four_hand,A,allegro_v5,84,SKILL_AGENT,FAILURE,GOAL_NOT_REACHED_WITHIN_BUDGET,2.999999999999869,44.377858499996364,0.01641609997022897,44.39427459996659,53678,861,54539,7,5,True,True,True,False,012b20c8b527d56d1284a0919552dad2985c3f5d467097031b836efd23c484ba,a984bcfa80ef9568fe6bfc8c5f28f38769950b8ffcc0b0323d0210b4e5b33b0c
luna_20260928_four_hand,A,allegro_v5,85,SKILL_AGENT,FAILURE,GOAL_NOT_REACHED_WITHIN_BUDGET,2.999999999999869,26.4694171998417,0.17119420017115772,26.640611400012858,35165,603,35768,5,4,True,True,True,False,e01be0dcf1878e22a7f9ab9517637abdf5cd1b5a94b6a729de0fd32f69ee701e,a984bcfa80ef9568fe6bfc8c5f28f38769950b8ffcc0b0323d0210b4e5b33b0c
luna_20260928_four_hand,A,allegro_v5,86,SKILL_AGENT,FAILURE,GOAL_NOT_REACHED_WITHIN_BUDGET,2.999999999999869,23.017227199976332,0.00887350004632026,23.026100700022653,54886,627,55513,7,4,True,True,True,False,e63c9ae2996b1b3dec738f4e564b838cfc2e36267e28f3fa943b5c9d802f8ac0,a984bcfa80ef9568fe6bfc8c5f28f38769950b8ffcc0b0323d0210b4e5b33b0c
luna_20260928_four_hand,A,allegro_v5,87,SKILL_AGENT,FAILURE,GOAL_NOT_REACHED_WITHIN_BUDGET,2.999999999999869,22.786050300113857,0.17604149994440377,22.96209180005826,17338,409,17747,3,2,True,True,True,False,164d2b6ef6a309f29b27dd2de3841f3334a712d55297c73b9abee5a3521ee6d5,a984bcfa80ef9568fe6bfc8c5f28f38769950b8ffcc0b0323d0210b4e5b33b0c
luna_20260928_four_hand,A,allegro_v5,88,SKILL_AGENT,FAILURE,GOAL_NOT_REACHED_WITHIN_BUDGET,2.999999999999869,24.087389099993743,0.010697399964556098,24.0980864999583,25536,633,26169,4,3,True,True,True,False,a444d63a20761b01ee584103a1a54fdd5ddaa128616bdaeda9e991131b6048aa,a984bcfa80ef9568fe6bfc8c5f28f38769950b8ffcc0b0323d0210b4e5b33b0c
luna_20260928_four_hand,A,allegro_v5,89,SKILL_AGENT,FAILURE,GOAL_NOT_REACHED_WITHIN_BUDGET,2.999999999999869,17.002925299922936,0.1927378000691533,17.19566309999209,17284,373,17657,3,2,True,True,True,False,f9b6ce485faa13fc2e67c2e940afb78257bf5cae2cde5b5e9f2baff8f9eae2a2,a984bcfa80ef9568fe6bfc8c5f28f38769950b8ffcc0b0323d0210b4e5b33b0c
luna_20260928_four_hand,A,allegro_v5,90,SKILL_AGENT,FAILURE,GOAL_NOT_REACHED_WITHIN_BUDGET,2.999999999999869,41.2122494999785,0.16641400009393692,41.378663500072435,35442,809,36251,5,3,True,True,True,False,c746319bdd8248b7b9823c0627f509c07c58525f4019549d7580b0011ac65872,a984bcfa80ef9568fe6bfc8c5f28f38769950b8ffcc0b0323d0210b4e5b33b0c
luna_20260928_four_hand,A,allegro_v5,91,SKILL_AGENT,FAILURE,GOAL_NOT_REACHED_WITHIN_BUDGET,2.999999999999869,31.167570000048727,0.0120363999158144,31.17960639996454,34946,634,35580,5,3,True,True,True,False,fe93c6eb2f317ae0d805d081e250ad85e47210395aaa4ad388121c078c418a64,a984bcfa80ef9568fe6bfc8c5f28f38769950b8ffcc0b0323d0210b4e5b33b0c
luna_20260928_four_hand,A,allegro_v5,92,SKILL_AGENT,FAILURE,GOAL_NOT_REACHED_WITHIN_BUDGET,2.999999999999869,25.15423130011186,0.005336899892427027,25.159568200004287,17075,887,17962,3,2,True,True,True,False,6526106d28dc1020dc581a78ef7481fad5dabc8692689ac71a0233e63b565583,a984bcfa80ef9568fe6bfc8c5f28f38769950b8ffcc0b0323d0210b4e5b33b0c
luna_20260928_four_hand,A,allegro_v5,93,SKILL_AGENT,SUCCESS,,0.4720000000000003,10.427691000048071,0.033490799949504435,10.461181799997576,16938,168,17106,3,2,True,True,True,False,5ad41e159f0abae9f13085c6b6aaeb769aa9e48bf10c5f029e9a3b9f80625b15,a984bcfa80ef9568fe6bfc8c5f28f38769950b8ffcc0b0323d0210b4e5b33b0c
luna_20260928_four_hand,A,allegro_v5,94,SKILL_AGENT,FAILURE,GOAL_NOT_REACHED_WITHIN_BUDGET,2.999999999999869,25.934023599838838,0.010987200192175806,25.945010800031014,42608,915,43523,6,3,True,True,True,False,a525dd6dc93d8734593516f41756aef8247f7e924a0c0bda3e623484ead11864,a984bcfa80ef9568fe6bfc8c5f28f38769950b8ffcc0b0323d0210b4e5b33b0c
luna_20260928_four_hand,A,allegro_v5,95,SKILL_AGENT,FAILURE,GOAL_NOT_REACHED_WITHIN_BUDGET,2.999999999999869,27.25518860016018,0.17334379989188164,27.428532400052063,35654,768,36422,5,4,True,True,True,False,674b7988f0def0f080f04a32a7054be117d2d7c8bf210e1ecacce3a30bd4bb46,a984bcfa80ef9568fe6bfc8c5f28f38769950b8ffcc0b0323d0210b4e5b33b0c
luna_20260928_four_hand,A,allegro_v5,96,SKILL_AGENT,FAILURE,GOAL_NOT_REACHED_WITHIN_BUDGET,2.999999999999869,14.110685399966314,0.18381240009330213,14.294497800059617,16979,230,17209,3,2,True,True,True,False,f08fe1701dc8b2a44022d14ad329f755b780773ef8ebac832a8a208b8df480b8,a984bcfa80ef9568fe6bfc8c5f28f38769950b8ffcc0b0323d0210b4e5b33b0c
luna_20260928_four_hand,A,allegro_v5,97,SKILL_AGENT,FAILURE,GOAL_NOT_REACHED_WITHIN_BUDGET,2.999999999999869,21.935755099984817,0.17097440001089126,22.10672949999571,25650,713,26363,4,3,True,True,True,False,a1920c009b0ecd31b7638c66e289c90c65a119b69a03733e3a7c41de50dd53ae,a984bcfa80ef9568fe6bfc8c5f28f38769950b8ffcc0b0323d0210b4e5b33b0c
luna_20260928_four_hand,A,allegro_v5,98,SKILL_AGENT,FAILURE,GOAL_NOT_REACHED_WITHIN_BUDGET,2.999999999999869,33.00454410002567,0.1822463000426069,33.186790400068276,82859,1062,83921,9,6,True,True,True,False,dae38fef2c5c7564485a1f37f7e76315edef17ef1cfa3243b18580247ecaccf8,a984bcfa80ef9568fe6bfc8c5f28f38769950b8ffcc0b0323d0210b4e5b33b0c
luna_20260928_four_hand,A,allegro_v5,99,SKILL_AGENT,SUCCESS,,0.10000000000000006,24.716001100139692,0.012508499901741743,24.728509600041434,45350,590,45940,6,5,True,True,True,False,a80db6fd9a0d6cea774ee747e9a0e03fecd7fdd7c5ed5302de28b46779d1a99d,a984bcfa80ef9568fe6bfc8c5f28f38769950b8ffcc0b0323d0210b4e5b33b0c
luna_20260928_four_hand,A,robotiq_2f85,0,DIRECT_AGENT,FAILURE,GOAL_NOT_REACHED_WITHIN_BUDGET,2.999999999999869,24.24686670000665,0.1303424999350682,24.377209199941717,19382,763,20145,4,3,True,True,True,True,25e2e1548e8635ed3d7262469de39326946ea1565d5a7975dc2947448ef76f1e,21e2b1d5ae300ac3428d9079dbf0fbcc9aac289ff149ccdecbab8ed4af11fef3
luna_20260928_four_hand,A,robotiq_2f85,0,SKILL_AGENT,FAILURE,GOAL_NOT_REACHED_WITHIN_BUDGET,2.999999999999869,16.84353880013805,0.13249639992136508,16.976035200059414,13240,468,13708,3,2,True,True,True,True,25e2e1548e8635ed3d7262469de39326946ea1565d5a7975dc2947448ef76f1e,21e2b1d5ae300ac3428d9079dbf0fbcc9aac289ff149ccdecbab8ed4af11fef3
luna_20260928_four_hand,A,robotiq_2f85,1,DIRECT_AGENT,FAILURE,GOAL_NOT_REACHED_WITHIN_BUDGET,2.999999999999869,26.782223799847998,0.04293700016569346,26.82516080001369,19412,946,20358,4,3,True,True,True,True,249182337a50a6040a41bba6f27eb1e664cff67ff9d3f10012c2e2d391a27b66,21e2b1d5ae300ac3428d9079dbf0fbcc9aac289ff149ccdecbab8ed4af11fef3
luna_20260928_four_hand,A,robotiq_2f85,1,SKILL_AGENT,FAILURE,GOAL_NOT_REACHED_WITHIN_BUDGET,2.999999999999869,10.665278399945237,0.011680099996738136,10.676958499941975,7989,205,8194,2,1,True,True,True,True,249182337a50a6040a41bba6f27eb1e664cff67ff9d3f10012c2e2d391a27b66,21e2b1d5ae300ac3428d9079dbf0fbcc9aac289ff149ccdecbab8ed4af11fef3
luna_20260928_four_hand,A,robotiq_2f85,2,DIRECT_AGENT,FAILURE,GOAL_NOT_REACHED_WITHIN_BUDGET,2.999999999999869,22.517646600026637,0.1206625000340864,22.638309100060724,19199,799,19998,4,3,True,True,True,True,5c72d4b4dac7738ac2e3ea471708a88e2888b5303f4f9900cc31263bd4ebfdbd,21e2b1d5ae300ac3428d9079dbf0fbcc9aac289ff149ccdecbab8ed4af11fef3
luna_20260928_four_hand,A,robotiq_2f85,2,SKILL_AGENT,FAILURE,GOAL_NOT_REACHED_WITHIN_BUDGET,2.999999999999869,21.51610700006131,0.1284593999153003,21.64456639997661,19279,756,20035,4,3,True,True,True,True,5c72d4b4dac7738ac2e3ea471708a88e2888b5303f4f9900cc31263bd4ebfdbd,21e2b1d5ae300ac3428d9079dbf0fbcc9aac289ff149ccdecbab8ed4af11fef3
luna_20260928_four_hand,A,robotiq_2f85,3,DIRECT_AGENT,FAILURE,GOAL_NOT_REACHED_WITHIN_BUDGET,2.999999999999869,26.869582700077444,0.1429803998908028,27.012563099968247,25318,833,26151,5,4,True,True,True,True,5db6609a01ff6eeaa493a13fcd2f81853d8fc94b3df6697604d1ee67d3f7b912,21e2b1d5ae300ac3428d9079dbf0fbcc9aac289ff149ccdecbab8ed4af11fef3
luna_20260928_four_hand,A,robotiq_2f85,3,SKILL_AGENT,FAILURE,GOAL_NOT_REACHED_WITHIN_BUDGET,2.999999999999869,11.378846499952488,0.009954500012099743,11.388800999964587,7988,290,8278,2,1,True,True,True,True,5db6609a01ff6eeaa493a13fcd2f81853d8fc94b3df6697604d1ee67d3f7b912,21e2b1d5ae300ac3428d9079dbf0fbcc9aac289ff149ccdecbab8ed4af11fef3
luna_20260928_four_hand,A,robotiq_2f85,4,DIRECT_AGENT,FAILURE,GOAL_NOT_REACHED_WITHIN_BUDGET,2.999999999999869,33.639063799986616,0.09791610005777329,33.73697990004439,13408,894,14302,3,2,True,True,True,True,0a5da0ca78c2a41d0f68f83243bef3dee3bdf3a135dbfd82a4e0db5edad64995,21e2b1d5ae300ac3428d9079dbf0fbcc9aac289ff149ccdecbab8ed4af11fef3
luna_20260928_four_hand,A,robotiq_2f85,4,SKILL_AGENT,FAILURE,GOAL_NOT_REACHED_WITHIN_BUDGET,2.999999999999869,14.43062210001517,0.003485299996100366,14.434107400011271,8066,547,8613,2,1,True,True,True,True,0a5da0ca78c2a41d0f68f83243bef3dee3bdf3a135dbfd82a4e0db5edad64995,21e2b1d5ae300ac3428d9079dbf0fbcc9aac289ff149ccdecbab8ed4af11fef3
luna_20260928_four_hand,A,robotiq_2f85,5,DIRECT_AGENT,FAILURE,GOAL_NOT_REACHED_WITHIN_BUDGET,2.999999999999869,32.21101770014502,0.12323339993599802,32.33425110008102,25735,895,26630,5,4,True,True,True,True,5c72d4b4dac7738ac2e3ea471708a88e2888b5303f4f9900cc31263bd4ebfdbd,21e2b1d5ae300ac3428d9079dbf0fbcc9aac289ff149ccdecbab8ed4af11fef3
luna_20260928_four_hand,A,robotiq_2f85,5,SKILL_AGENT,FAILURE,GOAL_NOT_REACHED_WITHIN_BUDGET,2.999999999999869,23.831707500037737,0.13501670002005994,23.966724200057797,13346,610,13956,3,2,True,True,True,True,5c72d4b4dac7738ac2e3ea471708a88e2888b5303f4f9900cc31263bd4ebfdbd,21e2b1d5ae300ac3428d9079dbf0fbcc9aac289ff149ccdecbab8ed4af11fef3
luna_20260928_four_hand,A,robotiq_2f85,6,DIRECT_AGENT,FAILURE,GOAL_NOT_REACHED_WITHIN_BUDGET,2.999999999999869,26.666133499820717,0.1210200001951307,26.787153500015847,19562,864,20426,4,3,True,True,True,True,a3851aa7e3fe42d491c358cc702f98860a0c0ce81cfb0d3f0b51db51ae5fa75f,21e2b1d5ae300ac3428d9079dbf0fbcc9aac289ff149ccdecbab8ed4af11fef3
luna_20260928_four_hand,A,robotiq_2f85,6,SKILL_AGENT,FAILURE,GOAL_NOT_REACHED_WITHIN_BUDGET,2.999999999999869,10.545853200019337,0.003501800005324185,10.549355000024661,7987,357,8344,2,1,True,True,True,True,a3851aa7e3fe42d491c358cc702f98860a0c0ce81cfb0d3f0b51db51ae5fa75f,21e2b1d5ae300ac3428d9079dbf0fbcc9aac289ff149ccdecbab8ed4af11fef3
luna_20260928_four_hand,A,robotiq_2f85,7,DIRECT_AGENT,FAILURE,GOAL_NOT_REACHED_WITHIN_BUDGET,2.999999999999869,22.44322859996464,0.13286610005889088,22.576094700023532,13459,602,14061,3,2,True,True,True,True,24591441185ec4c6b9513009de9b57e3d34a4c77dd1e511eb933da05a5e664d6,21e2b1d5ae300ac3428d9079dbf0fbcc9aac289ff149ccdecbab8ed4af11fef3
luna_20260928_four_hand,A,robotiq_2f85,7,SKILL_AGENT,FAILURE,GOAL_NOT_REACHED_WITHIN_BUDGET,2.999999999999869,22.14726079988759,0.12346850009635091,22.27072929998394,13274,556,13830,3,2,True,True,True,True,24591441185ec4c6b9513009de9b57e3d34a4c77dd1e511eb933da05a5e664d6,21e2b1d5ae300ac3428d9079dbf0fbcc9aac289ff149ccdecbab8ed4af11fef3
luna_20260928_four_hand,A,robotiq_2f85,8,DIRECT_AGENT,FAILURE,GOAL_NOT_REACHED_WITHIN_BUDGET,2.999999999999869,29.600695099914446,0.12627710006199777,29.726972199976444,19520,874,20394,4,3,True,True,True,True,5c72d4b4dac7738ac2e3ea471708a88e2888b5303f4f9900cc31263bd4ebfdbd,21e2b1d5ae300ac3428d9079dbf0fbcc9aac289ff149ccdecbab8ed4af11fef3
luna_20260928_four_hand,A,robotiq_2f85,8,SKILL_AGENT,FAILURE,GOAL_NOT_REACHED_WITHIN_BUDGET,2.999999999999869,12.004176500020549,0.00391440000385046,12.0080909000244,7970,304,8274,2,1,True,True,True,True,5c72d4b4dac7738ac2e3ea471708a88e2888b5303f4f9900cc31263bd4ebfdbd,21e2b1d5ae300ac3428d9079dbf0fbcc9aac289ff149ccdecbab8ed4af11fef3
luna_20260928_four_hand,A,robotiq_2f85,9,DIRECT_AGENT,FAILURE,GOAL_NOT_REACHED_WITHIN_BUDGET,2.999999999999869,27.807397599797696,0.11869150027632713,27.926089100074023,32017,796,32813,6,5,True,True,True,True,5c72d4b4dac7738ac2e3ea471708a88e2888b5303f4f9900cc31263bd4ebfdbd,21e2b1d5ae300ac3428d9079dbf0fbcc9aac289ff149ccdecbab8ed4af11fef3
luna_20260928_four_hand,A,robotiq_2f85,9,SKILL_AGENT,FAILURE,GOAL_NOT_REACHED_WITHIN_BUDGET,2.999999999999869,23.969769399962388,0.12208370002917945,24.091853099991567,13250,556,13806,3,2,True,True,True,True,5c72d4b4dac7738ac2e3ea471708a88e2888b5303f4f9900cc31263bd4ebfdbd,21e2b1d5ae300ac3428d9079dbf0fbcc9aac289ff149ccdecbab8ed4af11fef3
luna_20260928_four_hand,A,robotiq_2f85,10,DIRECT_AGENT,FAILURE,GOAL_NOT_REACHED_WITHIN_BUDGET,2.999999999999869,26.90236020006705,0.12365670001599938,27.02601690008305,25311,785,26096,5,4,True,True,True,True,5c72d4b4dac7738ac2e3ea471708a88e2888b5303f4f9900cc31263bd4ebfdbd,21e2b1d5ae300ac3428d9079dbf0fbcc9aac289ff149ccdecbab8ed4af11fef3
luna_20260928_four_hand,A,robotiq_2f85,10,SKILL_AGENT,FAILURE,GOAL_NOT_REACHED_WITHIN_BUDGET,2.999999999999869,9.880151799996383,0.0034121000207960606,9.88356390001718,7974,303,8277,2,1,True,True,True,True,5c72d4b4dac7738ac2e3ea471708a88e2888b5303f4f9900cc31263bd4ebfdbd,21e2b1d5ae300ac3428d9079dbf0fbcc9aac289ff149ccdecbab8ed4af11fef3
luna_20260928_four_hand,A,robotiq_2f85,11,DIRECT_AGENT,FAILURE,GOAL_NOT_REACHED_WITHIN_BUDGET,2.999999999999869,44.78656179981772,0.13900700013618916,44.92556879995391,40377,1216,41593,7,5,True,True,True,True,23db4cc0c5d91e3b033cfedfc91629fed65362796ed9a7907e9e62e905ab3aeb,21e2b1d5ae300ac3428d9079dbf0fbcc9aac289ff149ccdecbab8ed4af11fef3
luna_20260928_four_hand,A,robotiq_2f85,11,SKILL_AGENT,FAILURE,GOAL_NOT_REACHED_WITHIN_BUDGET,2.999999999999869,22.197187600075267,0.12779539986513555,22.324982999940403,13363,653,14016,3,2,True,True,True,True,23db4cc0c5d91e3b033cfedfc91629fed65362796ed9a7907e9e62e905ab3aeb,21e2b1d5ae300ac3428d9079dbf0fbcc9aac289ff149ccdecbab8ed4af11fef3
luna_20260928_four_hand,A,robotiq_2f85,12,DIRECT_AGENT,FAILURE,GOAL_NOT_REACHED_WITHIN_BUDGET,2.999999999999869,25.842321699950844,0.11771130003035069,25.960032999981195,19472,885,20357,4,3,True,True,True,True,cb5af4f2adbcb63743145fc68f9afa5b97247e25bebebb2e2f3c8ea9adfd503d,21e2b1d5ae300ac3428d9079dbf0fbcc9aac289ff149ccdecbab8ed4af11fef3
luna_20260928_four_hand,A,robotiq_2f85,12,SKILL_AGENT,FAILURE,GOAL_NOT_REACHED_WITHIN_BUDGET,2.999999999999869,11.40630669996608,0.0033747999696061015,11.409681499935687,8001,334,8335,2,1,True,True,True,True,cb5af4f2adbcb63743145fc68f9afa5b97247e25bebebb2e2f3c8ea9adfd503d,21e2b1d5ae300ac3428d9079dbf0fbcc9aac289ff149ccdecbab8ed4af11fef3
luna_20260928_four_hand,A,robotiq_2f85,13,DIRECT_AGENT,FAILURE,GOAL_NOT_REACHED_WITHIN_BUDGET,2.999999999999869,25.704368900042027,0.11730739986523986,25.821676299907267,19440,848,20288,4,3,True,True,True,True,6fa2da5ffe2e8144ff68beb3acc6c8bac99ecf6ba27e5b4500679cc8d3dc8bd9,21e2b1d5ae300ac3428d9079dbf0fbcc9aac289ff149ccdecbab8ed4af11fef3
luna_20260928_four_hand,A,robotiq_2f85,13,SKILL_AGENT,FAILURE,GOAL_NOT_REACHED_WITHIN_BUDGET,2.999999999999869,24.11292590002995,0.12158459995407611,24.234510499984026,25026,690,25716,5,3,True,True,True,True,6fa2da5ffe2e8144ff68beb3acc6c8bac99ecf6ba27e5b4500679cc8d3dc8bd9,21e2b1d5ae300ac3428d9079dbf0fbcc9aac289ff149ccdecbab8ed4af11fef3
luna_20260928_four_hand,A,robotiq_2f85,14,DIRECT_AGENT,FAILURE,GOAL_NOT_REACHED_WITHIN_BUDGET,2.999999999999869,20.183984799776226,0.12999270018190145,20.313977499958128,25189,668,25857,5,4,True,True,True,True,5c72d4b4dac7738ac2e3ea471708a88e2888b5303f4f9900cc31263bd4ebfdbd,21e2b1d5ae300ac3428d9079dbf0fbcc9aac289ff149ccdecbab8ed4af11fef3
luna_20260928_four_hand,A,robotiq_2f85,14,SKILL_AGENT,FAILURE,GOAL_NOT_REACHED_WITHIN_BUDGET,2.999999999999869,23.012585900025442,0.12653340003453195,23.139119300059974,18934,714,19648,4,2,True,True,True,True,5c72d4b4dac7738ac2e3ea471708a88e2888b5303f4f9900cc31263bd4ebfdbd,21e2b1d5ae300ac3428d9079dbf0fbcc9aac289ff149ccdecbab8ed4af11fef3
luna_20260928_four_hand,A,robotiq_2f85,15,DIRECT_AGENT,FAILURE,GOAL_NOT_REACHED_WITHIN_BUDGET,2.999999999999869,22.337991300038993,0.12120229995343834,22.45919359999243,25585,784,26369,5,4,True,True,True,True,5c72d4b4dac7738ac2e3ea471708a88e2888b5303f4f9900cc31263bd4ebfdbd,21e2b1d5ae300ac3428d9079dbf0fbcc9aac289ff149ccdecbab8ed4af11fef3
luna_20260928_four_hand,A,robotiq_2f85,15,SKILL_AGENT,FAILURE,GOAL_NOT_REACHED_WITHIN_BUDGET,2.999999999999869,11.602888999972492,0.0034428000217303634,11.606331799994223,7973,381,8354,2,1,True,True,True,True,5c72d4b4dac7738ac2e3ea471708a88e2888b5303f4f9900cc31263bd4ebfdbd,21e2b1d5ae300ac3428d9079dbf0fbcc9aac289ff149ccdecbab8ed4af11fef3
luna_20260928_four_hand,A,robotiq_2f85,16,DIRECT_AGENT,FAILURE,GOAL_NOT_REACHED_WITHIN_BUDGET,2.999999999999869,30.923704799846746,0.12145200010854751,31.045156799955294,25940,931,26871,5,4,True,True,True,True,5c72d4b4dac7738ac2e3ea471708a88e2888b5303f4f9900cc31263bd4ebfdbd,21e2b1d5ae300ac3428d9079dbf0fbcc9aac289ff149ccdecbab8ed4af11fef3
luna_20260928_four_hand,A,robotiq_2f85,16,SKILL_AGENT,FAILURE,GOAL_NOT_REACHED_WITHIN_BUDGET,2.999999999999869,7.3931363999145105,0.1281003999756649,7.5212367998901755,7993,74,8067,2,1,True,True,True,True,5c72d4b4dac7738ac2e3ea471708a88e2888b5303f4f9900cc31263bd4ebfdbd,21e2b1d5ae300ac3428d9079dbf0fbcc9aac289ff149ccdecbab8ed4af11fef3
luna_20260928_four_hand,A,robotiq_2f85,17,DIRECT_AGENT,FAILURE,GOAL_NOT_REACHED_WITHIN_BUDGET,2.999999999999869,21.395396300009452,0.1215634000254795,21.51695970003493,18847,708,19555,4,3,True,True,True,True,f7a1bf8b14c7dc9d19abf9245aa116564cf257bf19aada753d4eee51c8248ee6,21e2b1d5ae300ac3428d9079dbf0fbcc9aac289ff149ccdecbab8ed4af11fef3
luna_20260928_four_hand,A,robotiq_2f85,17,SKILL_AGENT,FAILURE,GOAL_NOT_REACHED_WITHIN_BUDGET,2.999999999999869,21.281196100171655,0.11990409984719008,21.401100200018845,13412,685,14097,3,2,True,True,True,True,f7a1bf8b14c7dc9d19abf9245aa116564cf257bf19aada753d4eee51c8248ee6,21e2b1d5ae300ac3428d9079dbf0fbcc9aac289ff149ccdecbab8ed4af11fef3
luna_20260928_four_hand,A,robotiq_2f85,18,DIRECT_AGENT,FAILURE,GOAL_NOT_REACHED_WITHIN_BUDGET,2.999999999999869,26.981295599834993,0.06141880014911294,27.042714399984106,19295,870,20165,4,3,True,True,True,True,5c72d4b4dac7738ac2e3ea471708a88e2888b5303f4f9900cc31263bd4ebfdbd,21e2b1d5ae300ac3428d9079dbf0fbcc9aac289ff149ccdecbab8ed4af11fef3
luna_20260928_four_hand,A,robotiq_2f85,18,SKILL_AGENT,FAILURE,GOAL_NOT_REACHED_WITHIN_BUDGET,2.999999999999869,19.01129019993823,0.13055750005878508,19.141847699997015,13401,702,14103,3,2,True,True,True,True,5c72d4b4dac7738ac2e3ea471708a88e2888b5303f4f9900cc31263bd4ebfdbd,21e2b1d5ae300ac3428d9079dbf0fbcc9aac289ff149ccdecbab8ed4af11fef3
luna_20260928_four_hand,A,robotiq_2f85,19,DIRECT_AGENT,FAILURE,GOAL_NOT_REACHED_WITHIN_BUDGET,2.999999999999869,27.025059600011446,0.12310919992160052,27.148168799933046,25487,827,26314,5,4,True,True,True,True,5c72d4b4dac7738ac2e3ea471708a88e2888b5303f4f9900cc31263bd4ebfdbd,21e2b1d5ae300ac3428d9079dbf0fbcc9aac289ff149ccdecbab8ed4af11fef3
luna_20260928_four_hand,A,robotiq_2f85,19,SKILL_AGENT,FAILURE,GOAL_NOT_REACHED_WITHIN_BUDGET,2.999999999999869,9.847015199949965,0.003456900012679398,9.850472099962644,7975,290,8265,2,1,True,True,True,True,5c72d4b4dac7738ac2e3ea471708a88e2888b5303f4f9900cc31263bd4ebfdbd,21e2b1d5ae300ac3428d9079dbf0fbcc9aac289ff149ccdecbab8ed4af11fef3
luna_20260928_four_hand,A,robotiq_2f85,20,DIRECT_AGENT,SUCCESS,,1.284000000000001,13.199547299998812,0.05077490000985563,13.250322200008668,12954,287,13241,3,2,True,True,True,True,4d488e27a22abb8187e380757dcd81b22ca03f4c3fe987eeb377d6d19d0e1caa,21e2b1d5ae300ac3428d9079dbf0fbcc9aac289ff149ccdecbab8ed4af11fef3
luna_20260928_four_hand,A,robotiq_2f85,20,SKILL_AGENT,SUCCESS,,0.29200000000000026,6.65951969998423,0.01699550007469952,6.67651520005893,7990,83,8073,2,1,True,True,True,True,4d488e27a22abb8187e380757dcd81b22ca03f4c3fe987eeb377d6d19d0e1caa,21e2b1d5ae300ac3428d9079dbf0fbcc9aac289ff149ccdecbab8ed4af11fef3
luna_20260928_four_hand,A,robotiq_2f85,21,DIRECT_AGENT,FAILURE,GOAL_NOT_REACHED_WITHIN_BUDGET,2.999999999999869,28.95459630014375,0.11894899990875274,29.0735453000525,31948,948,32896,6,4,True,True,True,True,c262343285df265689d1b3af97097311edf0ab715db7616969945f74d8cc9886,21e2b1d5ae300ac3428d9079dbf0fbcc9aac289ff149ccdecbab8ed4af11fef3
luna_20260928_four_hand,A,robotiq_2f85,21,SKILL_AGENT,FAILURE,GOAL_NOT_REACHED_WITHIN_BUDGET,2.999999999999869,13.444842400029302,0.0036994999973103404,13.448541900026612,8000,533,8533,2,1,True,True,True,True,c262343285df265689d1b3af97097311edf0ab715db7616969945f74d8cc9886,21e2b1d5ae300ac3428d9079dbf0fbcc9aac289ff149ccdecbab8ed4af11fef3
luna_20260928_four_hand,A,robotiq_2f85,22,DIRECT_AGENT,FAILURE,GOAL_NOT_REACHED_WITHIN_BUDGET,2.999999999999869,26.982205499894917,0.11855440004728734,27.100759899942204,19467,835,20302,4,3,True,True,True,True,5c72d4b4dac7738ac2e3ea471708a88e2888b5303f4f9900cc31263bd4ebfdbd,21e2b1d5ae300ac3428d9079dbf0fbcc9aac289ff149ccdecbab8ed4af11fef3
luna_20260928_four_hand,A,robotiq_2f85,22,SKILL_AGENT,FAILURE,GOAL_NOT_REACHED_WITHIN_BUDGET,2.999999999999869,17.968929199967533,0.13148340000770986,18.100412599975243,13302,557,13859,3,2,True,True,True,True,5c72d4b4dac7738ac2e3ea471708a88e2888b5303f4f9900cc31263bd4ebfdbd,21e2b1d5ae300ac3428d9079dbf0fbcc9aac289ff149ccdecbab8ed4af11fef3
luna_20260928_four_hand,A,robotiq_2f85,23,DIRECT_AGENT,FAILURE,GOAL_NOT_REACHED_WITHIN_BUDGET,2.999999999999869,25.87226750003174,0.11948750005103648,25.991755000082776,25062,737,25799,5,4,True,True,True,True,5e381c3f823bf83473beed736e7ee4b0f9f59fe43719249d14c62b1817aecbb1,21e2b1d5ae300ac3428d9079dbf0fbcc9aac289ff149ccdecbab8ed4af11fef3
luna_20260928_four_hand,A,robotiq_2f85,23,SKILL_AGENT,FAILURE,GOAL_NOT_REACHED_WITHIN_BUDGET,2.999999999999869,13.045656899921596,0.003424599999561906,13.049081499921158,7986,412,8398,2,1,True,True,True,True,5e381c3f823bf83473beed736e7ee4b0f9f59fe43719249d14c62b1817aecbb1,21e2b1d5ae300ac3428d9079dbf0fbcc9aac289ff149ccdecbab8ed4af11fef3
luna_20260928_four_hand,A,robotiq_2f85,24,DIRECT_AGENT,FAILURE,GOAL_NOT_REACHED_WITHIN_BUDGET,2.999999999999869,30.497954500024207,0.1145997999701649,30.612554299994372,19265,978,20243,4,3,True,True,True,True,d9604ed2e6feb34aa731440053226e438537a2772496f7d2c04c01246c57ed6f,21e2b1d5ae300ac3428d9079dbf0fbcc9aac289ff149ccdecbab8ed4af11fef3
luna_20260928_four_hand,A,robotiq_2f85,24,SKILL_AGENT,FAILURE,GOAL_NOT_REACHED_WITHIN_BUDGET,2.999999999999869,15.15731339994818,0.13588009995874017,15.29319349990692,13123,418,13541,3,2,True,True,True,True,d9604ed2e6feb34aa731440053226e438537a2772496f7d2c04c01246c57ed6f,21e2b1d5ae300ac3428d9079dbf0fbcc9aac289ff149ccdecbab8ed4af11fef3
luna_20260928_four_hand,A,robotiq_2f85,25,DIRECT_AGENT,FAILURE,GOAL_NOT_REACHED_WITHIN_BUDGET,2.999999999999869,30.62234110001009,0.03953690000344068,30.66187800001353,25434,809,26243,5,4,True,True,True,True,5c72d4b4dac7738ac2e3ea471708a88e2888b5303f4f9900cc31263bd4ebfdbd,21e2b1d5ae300ac3428d9079dbf0fbcc9aac289ff149ccdecbab8ed4af11fef3
luna_20260928_four_hand,A,robotiq_2f85,25,SKILL_AGENT,FAILURE,GOAL_NOT_REACHED_WITHIN_BUDGET,2.999999999999869,13.1873863999499,0.12660070008132607,13.313987100031227,13101,374,13475,3,2,True,True,True,True,5c72d4b4dac7738ac2e3ea471708a88e2888b5303f4f9900cc31263bd4ebfdbd,21e2b1d5ae300ac3428d9079dbf0fbcc9aac289ff149ccdecbab8ed4af11fef3
luna_20260928_four_hand,A,robotiq_2f85,26,DIRECT_AGENT,FAILURE,GOAL_NOT_REACHED_WITHIN_BUDGET,2.999999999999869,25.947601899853908,0.12539000005926937,26.072991899913177,19635,900,20535,4,3,True,True,True,True,3da8bb73ca912af32b6d5b809fa587c92acc7648435be8023e0ed21d35978bd9,21e2b1d5ae300ac3428d9079dbf0fbcc9aac289ff149ccdecbab8ed4af11fef3
luna_20260928_four_hand,A,robotiq_2f85,26,SKILL_AGENT,FAILURE,GOAL_NOT_REACHED_WITHIN_BUDGET,2.999999999999869,9.767744099954143,0.0034130000276491046,9.771157099981792,8024,292,8316,2,1,True,True,True,True,3da8bb73ca912af32b6d5b809fa587c92acc7648435be8023e0ed21d35978bd9,21e2b1d5ae300ac3428d9079dbf0fbcc9aac289ff149ccdecbab8ed4af11fef3
luna_20260928_four_hand,A,robotiq_2f85,27,DIRECT_AGENT,FAILURE,GOAL_NOT_REACHED_WITHIN_BUDGET,2.999999999999869,22.436635100166313,0.1278629997977987,22.564498099964112,25200,694,25894,5,4,True,True,True,True,5c72d4b4dac7738ac2e3ea471708a88e2888b5303f4f9900cc31263bd4ebfdbd,21e2b1d5ae300ac3428d9079dbf0fbcc9aac289ff149ccdecbab8ed4af11fef3
luna_20260928_four_hand,A,robotiq_2f85,27,SKILL_AGENT,FAILURE,GOAL_NOT_REACHED_WITHIN_BUDGET,2.999999999999869,25.128348900121637,0.1384269999107346,25.26677590003237,19294,838,20132,4,3,True,True,True,True,5c72d4b4dac7738ac2e3ea471708a88e2888b5303f4f9900cc31263bd4ebfdbd,21e2b1d5ae300ac3428d9079dbf0fbcc9aac289ff149ccdecbab8ed4af11fef3
luna_20260928_four_hand,A,robotiq_2f85,28,DIRECT_AGENT,FAILURE,GOAL_NOT_REACHED_WITHIN_BUDGET,2.999999999999869,26.49578570004087,0.11767329997383058,26.6134590000147,19186,715,19901,4,3,True,True,True,True,788c64055da7d946ede8aaa28ba51d1fb333f3096fba8bf1f4bb7db4544b663b,21e2b1d5ae300ac3428d9079dbf0fbcc9aac289ff149ccdecbab8ed4af11fef3
luna_20260928_four_hand,A,robotiq_2f85,28,SKILL_AGENT,FAILURE,GOAL_NOT_REACHED_WITHIN_BUDGET,2.999999999999869,11.025683799874969,0.0034378001000732183,11.029121599975042,8012,385,8397,2,1,True,True,True,True,788c64055da7d946ede8aaa28ba51d1fb333f3096fba8bf1f4bb7db4544b663b,21e2b1d5ae300ac3428d9079dbf0fbcc9aac289ff149ccdecbab8ed4af11fef3
luna_20260928_four_hand,A,robotiq_2f85,29,DIRECT_AGENT,FAILURE,GOAL_NOT_REACHED_WITHIN_BUDGET,2.999999999999869,26.98674020008184,0.04472499992698431,27.031465200008824,19070,828,19898,4,3,True,True,True,True,5c72d4b4dac7738ac2e3ea471708a88e2888b5303f4f9900cc31263bd4ebfdbd,21e2b1d5ae300ac3428d9079dbf0fbcc9aac289ff149ccdecbab8ed4af11fef3
luna_20260928_four_hand,A,robotiq_2f85,29,SKILL_AGENT,FAILURE,GOAL_NOT_REACHED_WITHIN_BUDGET,2.999999999999869,27.06995330005884,0.12623159994836897,27.19618490000721,19377,885,20262,4,3,True,True,True,True,5c72d4b4dac7738ac2e3ea471708a88e2888b5303f4f9900cc31263bd4ebfdbd,21e2b1d5ae300ac3428d9079dbf0fbcc9aac289ff149ccdecbab8ed4af11fef3
luna_20260928_four_hand,A,robotiq_2f85,30,DIRECT_AGENT,FAILURE,GOAL_NOT_REACHED_WITHIN_BUDGET,2.999999999999869,30.41234920010902,0.120200099889189,30.53254929999821,25585,868,26453,5,4,True,True,True,True,5c72d4b4dac7738ac2e3ea471708a88e2888b5303f4f9900cc31263bd4ebfdbd,21e2b1d5ae300ac3428d9079dbf0fbcc9aac289ff149ccdecbab8ed4af11fef3
luna_20260928_four_hand,A,robotiq_2f85,30,SKILL_AGENT,FAILURE,GOAL_NOT_REACHED_WITHIN_BUDGET,2.999999999999869,17.035688699921593,0.12125720013864338,17.156945900060236,13238,495,13733,3,2,True,True,True,True,5c72d4b4dac7738ac2e3ea471708a88e2888b5303f4f9900cc31263bd4ebfdbd,21e2b1d5ae300ac3428d9079dbf0fbcc9aac289ff149ccdecbab8ed4af11fef3
luna_20260928_four_hand,A,robotiq_2f85,31,DIRECT_AGENT,FAILURE,GOAL_NOT_REACHED_WITHIN_BUDGET,2.999999999999869,16.081600999925286,0.11940269998740405,16.20100369991269,13252,541,13793,3,2,True,True,True,True,89ccea6c77287fe04d91bb89448c55faa69bc9b9c5a7fb7f40de320f2127e95a,21e2b1d5ae300ac3428d9079dbf0fbcc9aac289ff149ccdecbab8ed4af11fef3
luna_20260928_four_hand,A,robotiq_2f85,31,SKILL_AGENT,FAILURE,GOAL_NOT_REACHED_WITHIN_BUDGET,2.999999999999869,17.050737700075842,0.11998809990473092,17.170725799980573,13270,568,13838,3,2,True,True,True,True,89ccea6c77287fe04d91bb89448c55faa69bc9b9c5a7fb7f40de320f2127e95a,21e2b1d5ae300ac3428d9079dbf0fbcc9aac289ff149ccdecbab8ed4af11fef3
luna_20260928_four_hand,A,robotiq_2f85,32,DIRECT_AGENT,FAILURE,GOAL_NOT_REACHED_WITHIN_BUDGET,2.999999999999869,29.692625099909492,0.12383410008624196,29.816459199995734,31402,920,32322,6,5,True,True,True,True,72037c0168aebda32d6a347d38fb1e80e9e58d0050202eb06bd3400fa9fd647e,21e2b1d5ae300ac3428d9079dbf0fbcc9aac289ff149ccdecbab8ed4af11fef3
luna_20260928_four_hand,A,robotiq_2f85,32,SKILL_AGENT,FAILURE,GOAL_NOT_REACHED_WITHIN_BUDGET,2.999999999999869,19.625639499980025,0.1304827999556437,19.75612229993567,13259,543,13802,3,2,True,True,True,True,72037c0168aebda32d6a347d38fb1e80e9e58d0050202eb06bd3400fa9fd647e,21e2b1d5ae300ac3428d9079dbf0fbcc9aac289ff149ccdecbab8ed4af11fef3
luna_20260928_four_hand,A,robotiq_2f85,33,DIRECT_AGENT,FAILURE,GOAL_NOT_REACHED_WITHIN_BUDGET,2.999999999999869,25.721448800060898,0.11845279997214675,25.839901600033045,19565,846,20411,4,3,True,True,True,True,5c72d4b4dac7738ac2e3ea471708a88e2888b5303f4f9900cc31263bd4ebfdbd,21e2b1d5ae300ac3428d9079dbf0fbcc9aac289ff149ccdecbab8ed4af11fef3
luna_20260928_four_hand,A,robotiq_2f85,33,SKILL_AGENT,FAILURE,GOAL_NOT_REACHED_WITHIN_BUDGET,2.999999999999869,9.737117899931036,0.003429700038395822,9.740547599969432,7985,299,8284,2,1,True,True,True,True,5c72d4b4dac7738ac2e3ea471708a88e2888b5303f4f9900cc31263bd4ebfdbd,21e2b1d5ae300ac3428d9079dbf0fbcc9aac289ff149ccdecbab8ed4af11fef3
luna_20260928_four_hand,A,robotiq_2f85,34,DIRECT_AGENT,FAILURE,GOAL_NOT_REACHED_WITHIN_BUDGET,2.999999999999869,33.66662029991858,0.1163382000522688,33.782958499970846,26189,1134,27323,5,4,True,True,True,True,8f956160be2dcb3b059bd2f9abaa9252657e1c706a53a83cc0815445506f0d58,21e2b1d5ae300ac3428d9079dbf0fbcc9aac289ff149ccdecbab8ed4af11fef3
luna_20260928_four_hand,A,robotiq_2f85,34,SKILL_AGENT,FAILURE,GOAL_NOT_REACHED_WITHIN_BUDGET,2.999999999999869,20.018673799932003,0.12641690007876605,20.14509070001077,19054,688,19742,4,3,True,True,True,True,8f956160be2dcb3b059bd2f9abaa9252657e1c706a53a83cc0815445506f0d58,21e2b1d5ae300ac3428d9079dbf0fbcc9aac289ff149ccdecbab8ed4af11fef3
luna_20260928_four_hand,A,robotiq_2f85,35,DIRECT_AGENT,FAILURE,GOAL_NOT_REACHED_WITHIN_BUDGET,2.999999999999869,22.345678200013936,0.11724000005051494,22.46291820006445,18991,626,19617,4,3,True,True,True,True,9d3ffbe3614637274e9930d5ef49f78eab8eb6f66fe28966e3bf80ada90bcb10,21e2b1d5ae300ac3428d9079dbf0fbcc9aac289ff149ccdecbab8ed4af11fef3
luna_20260928_four_hand,A,robotiq_2f85,35,SKILL_AGENT,FAILURE,GOAL_NOT_REACHED_WITHIN_BUDGET,2.999999999999869,22.054146200069226,0.12020479992497712,22.174350999994203,13314,605,13919,3,2,True,True,True,True,9d3ffbe3614637274e9930d5ef49f78eab8eb6f66fe28966e3bf80ada90bcb10,21e2b1d5ae300ac3428d9079dbf0fbcc9aac289ff149ccdecbab8ed4af11fef3
luna_20260928_four_hand,A,robotiq_2f85,36,DIRECT_AGENT,FAILURE,GOAL_NOT_REACHED_WITHIN_BUDGET,2.999999999999869,37.10149249981623,0.12034210015553981,37.22183459997177,26599,1263,27862,5,4,True,True,True,True,5c72d4b4dac7738ac2e3ea471708a88e2888b5303f4f9900cc31263bd4ebfdbd,21e2b1d5ae300ac3428d9079dbf0fbcc9aac289ff149ccdecbab8ed4af11fef3
luna_20260928_four_hand,A,robotiq_2f85,36,SKILL_AGENT,FAILURE,GOAL_NOT_REACHED_WITHIN_BUDGET,2.999999999999869,15.973259799880907,0.003528500092215836,15.976788299973123,8038,682,8720,2,1,True,True,True,True,5c72d4b4dac7738ac2e3ea471708a88e2888b5303f4f9900cc31263bd4ebfdbd,21e2b1d5ae300ac3428d9079dbf0fbcc9aac289ff149ccdecbab8ed4af11fef3
luna_20260928_four_hand,A,robotiq_2f85,37,DIRECT_AGENT,FAILURE,GOAL_NOT_REACHED_WITHIN_BUDGET,2.999999999999869,35.64171860006172,0.12223149999044836,35.76395010005217,25924,1009,26933,5,4,True,True,True,True,5c72d4b4dac7738ac2e3ea471708a88e2888b5303f4f9900cc31263bd4ebfdbd,21e2b1d5ae300ac3428d9079dbf0fbcc9aac289ff149ccdecbab8ed4af11fef3
luna_20260928_four_hand,A,robotiq_2f85,37,SKILL_AGENT,FAILURE,GOAL_NOT_REACHED_WITHIN_BUDGET,2.999999999999869,16.121914099901915,0.003564200014807284,16.125478299916722,13112,514,13626,3,1,True,True,True,True,5c72d4b4dac7738ac2e3ea471708a88e2888b5303f4f9900cc31263bd4ebfdbd,21e2b1d5ae300ac3428d9079dbf0fbcc9aac289ff149ccdecbab8ed4af11fef3
luna_20260928_four_hand,A,robotiq_2f85,38,DIRECT_AGENT,FAILURE,GOAL_NOT_REACHED_WITHIN_BUDGET,2.999999999999869,25.864665600121953,0.11968459992203861,25.98435020004399,25541,806,26347,5,4,True,True,True,True,5c72d4b4dac7738ac2e3ea471708a88e2888b5303f4f9900cc31263bd4ebfdbd,21e2b1d5ae300ac3428d9079dbf0fbcc9aac289ff149ccdecbab8ed4af11fef3
luna_20260928_four_hand,A,robotiq_2f85,38,SKILL_AGENT,FAILURE,GOAL_NOT_REACHED_WITHIN_BUDGET,2.999999999999869,21.037686399999075,0.004159900010563433,21.041846300009638,8038,754,8792,2,1,True,True,True,True,5c72d4b4dac7738ac2e3ea471708a88e2888b5303f4f9900cc31263bd4ebfdbd,21e2b1d5ae300ac3428d9079dbf0fbcc9aac289ff149ccdecbab8ed4af11fef3
luna_20260928_four_hand,A,robotiq_2f85,39,DIRECT_AGENT,SUCCESS,,0.10000000000000006,7.629634500015527,0.004325699992477894,7.633960200008005,7987,93,8080,2,1,True,True,True,True,a4568255070915c4d17263ad5980170753df5599c8f84d3a6e52fbb2d778e591,21e2b1d5ae300ac3428d9079dbf0fbcc9aac289ff149ccdecbab8ed4af11fef3
luna_20260928_four_hand,A,robotiq_2f85,39,SKILL_AGENT,SUCCESS,,0.10000000000000006,6.893714400008321,0.007566699991002679,6.9012810999993235,7997,94,8091,2,1,True,True,True,True,a4568255070915c4d17263ad5980170753df5599c8f84d3a6e52fbb2d778e591,21e2b1d5ae300ac3428d9079dbf0fbcc9aac289ff149ccdecbab8ed4af11fef3
luna_20260928_four_hand,A,robotiq_2f85,40,DIRECT_AGENT,FAILURE,GOAL_NOT_REACHED_WITHIN_BUDGET,2.999999999999869,23.472229899838567,0.11566630005836487,23.58789619989693,25148,648,25796,5,3,True,True,True,True,be93ff7ca31b215e91c77334f7f6b7ee4f9a33e0aac61ac8409881bf5e486939,21e2b1d5ae300ac3428d9079dbf0fbcc9aac289ff149ccdecbab8ed4af11fef3
luna_20260928_four_hand,A,robotiq_2f85,40,SKILL_AGENT,FAILURE,GOAL_NOT_REACHED_WITHIN_BUDGET,2.999999999999869,19.285576600115746,0.003781299921683967,19.28935790003743,7996,666,8662,2,1,True,True,True,True,be93ff7ca31b215e91c77334f7f6b7ee4f9a33e0aac61ac8409881bf5e486939,21e2b1d5ae300ac3428d9079dbf0fbcc9aac289ff149ccdecbab8ed4af11fef3
luna_20260928_four_hand,A,robotiq_2f85,41,DIRECT_AGENT,FAILURE,GOAL_NOT_REACHED_WITHIN_BUDGET,2.999999999999869,18.78080979990773,0.11843530007172376,18.899245099979453,13288,529,13817,3,2,True,True,True,True,5c72d4b4dac7738ac2e3ea471708a88e2888b5303f4f9900cc31263bd4ebfdbd,21e2b1d5ae300ac3428d9079dbf0fbcc9aac289ff149ccdecbab8ed4af11fef3
luna_20260928_four_hand,A,robotiq_2f85,41,SKILL_AGENT,FAILURE,GOAL_NOT_REACHED_WITHIN_BUDGET,2.999999999999869,15.950722399982624,0.003473400021903217,15.954195800004527,13091,446,13537,3,1,True,True,True,True,5c72d4b4dac7738ac2e3ea471708a88e2888b5303f4f9900cc31263bd4ebfdbd,21e2b1d5ae300ac3428d9079dbf0fbcc9aac289ff149ccdecbab8ed4af11fef3
luna_20260928_four_hand,A,robotiq_2f85,42,DIRECT_AGENT,FAILURE,GOAL_NOT_REACHED_WITHIN_BUDGET,2.999999999999869,24.60593120008707,0.126809399924241,24.73274060001131,25211,853,26064,5,3,True,True,True,True,5c72d4b4dac7738ac2e3ea471708a88e2888b5303f4f9900cc31263bd4ebfdbd,21e2b1d5ae300ac3428d9079dbf0fbcc9aac289ff149ccdecbab8ed4af11fef3
luna_20260928_four_hand,A,robotiq_2f85,42,SKILL_AGENT,FAILURE,GOAL_NOT_REACHED_WITHIN_BUDGET,2.999999999999869,14.496036100084893,0.003405999974347651,14.499442100059241,7979,423,8402,2,1,True,True,True,True,5c72d4b4dac7738ac2e3ea471708a88e2888b5303f4f9900cc31263bd4ebfdbd,21e2b1d5ae300ac3428d9079dbf0fbcc9aac289ff149ccdecbab8ed4af11fef3
luna_20260928_four_hand,A,robotiq_2f85,43,DIRECT_AGENT,FAILURE,GOAL_NOT_REACHED_WITHIN_BUDGET,2.999999999999869,23.374327300000004,0.12755480001214892,23.501882100012153,25591,815,26406,5,4,True,True,True,True,5c72d4b4dac7738ac2e3ea471708a88e2888b5303f4f9900cc31263bd4ebfdbd,21e2b1d5ae300ac3428d9079dbf0fbcc9aac289ff149ccdecbab8ed4af11fef3
luna_20260928_four_hand,A,robotiq_2f85,43,SKILL_AGENT,FAILURE,GOAL_NOT_REACHED_WITHIN_BUDGET,2.999999999999869,10.139376800041646,0.0034263000125065446,10.142803100054152,7977,225,8202,2,1,True,True,True,True,5c72d4b4dac7738ac2e3ea471708a88e2888b5303f4f9900cc31263bd4ebfdbd,21e2b1d5ae300ac3428d9079dbf0fbcc9aac289ff149ccdecbab8ed4af11fef3
luna_20260928_four_hand,A,robotiq_2f85,44,DIRECT_AGENT,FAILURE,GOAL_NOT_REACHED_WITHIN_BUDGET,2.999999999999869,58.70034199988004,0.13278490013908595,58.833126900019124,26767,1334,28101,5,4,True,True,True,True,85d3110c913efc75c65b10c804a5f396ed47a8e39c61d1409a0652245f9a0e3b,21e2b1d5ae300ac3428d9079dbf0fbcc9aac289ff149ccdecbab8ed4af11fef3
luna_20260928_four_hand,A,robotiq_2f85,44,SKILL_AGENT,FAILURE,GOAL_NOT_REACHED_WITHIN_BUDGET,2.999999999999869,11.602160299895331,0.12618560006376356,11.728345899959095,13084,376,13460,3,2,True,True,True,True,85d3110c913efc75c65b10c804a5f396ed47a8e39c61d1409a0652245f9a0e3b,21e2b1d5ae300ac3428d9079dbf0fbcc9aac289ff149ccdecbab8ed4af11fef3
luna_20260928_four_hand,A,robotiq_2f85,45,DIRECT_AGENT,FAILURE,GOAL_NOT_REACHED_WITHIN_BUDGET,2.999999999999869,56.33891739998944,0.12554160004947335,56.464459000038914,25953,1081,27034,5,4,True,True,True,True,5c72d4b4dac7738ac2e3ea471708a88e2888b5303f4f9900cc31263bd4ebfdbd,21e2b1d5ae300ac3428d9079dbf0fbcc9aac289ff149ccdecbab8ed4af11fef3
luna_20260928_four_hand,A,robotiq_2f85,45,SKILL_AGENT,FAILURE,GOAL_NOT_REACHED_WITHIN_BUDGET,2.999999999999869,6.6662507998989895,0.12301199999637902,6.7892627998953685,7996,96,8092,2,1,True,True,True,True,5c72d4b4dac7738ac2e3ea471708a88e2888b5303f4f9900cc31263bd4ebfdbd,21e2b1d5ae300ac3428d9079dbf0fbcc9aac289ff149ccdecbab8ed4af11fef3
luna_20260928_four_hand,A,robotiq_2f85,46,DIRECT_AGENT,FAILURE,GOAL_NOT_REACHED_WITHIN_BUDGET,2.999999999999869,40.57810129993595,0.11774090002290905,40.69584219995886,19353,850,20203,4,3,True,True,True,True,49489e97f0a5f468d0b27a02b27c36a4cb3c078467cc43bf7a7517fd36cc625e,21e2b1d5ae300ac3428d9079dbf0fbcc9aac289ff149ccdecbab8ed4af11fef3
luna_20260928_four_hand,A,robotiq_2f85,46,SKILL_AGENT,FAILURE,GOAL_NOT_REACHED_WITHIN_BUDGET,2.999999999999869,12.067410500021651,0.003541799960657954,12.07095229998231,7996,396,8392,2,1,True,True,True,True,49489e97f0a5f468d0b27a02b27c36a4cb3c078467cc43bf7a7517fd36cc625e,21e2b1d5ae300ac3428d9079dbf0fbcc9aac289ff149ccdecbab8ed4af11fef3
luna_20260928_four_hand,A,robotiq_2f85,47,DIRECT_AGENT,FAILURE,GOAL_NOT_REACHED_WITHIN_BUDGET,2.999999999999869,37.01143029995728,0.1217486000386998,37.13317889999598,18911,664,19575,4,2,True,True,True,True,3e97ced29ec08c125ae1cc2b3ab0383a1e42c5a98d9361eb8cf7d5457c985a28,21e2b1d5ae300ac3428d9079dbf0fbcc9aac289ff149ccdecbab8ed4af11fef3
luna_20260928_four_hand,A,robotiq_2f85,47,SKILL_AGENT,FAILURE,GOAL_NOT_REACHED_WITHIN_BUDGET,2.999999999999869,14.14837389998138,0.003389999968931079,14.15176389995031,8041,541,8582,2,1,True,True,True,True,3e97ced29ec08c125ae1cc2b3ab0383a1e42c5a98d9361eb8cf7d5457c985a28,21e2b1d5ae300ac3428d9079dbf0fbcc9aac289ff149ccdecbab8ed4af11fef3
luna_20260928_four_hand,A,robotiq_2f85,48,DIRECT_AGENT,FAILURE,GOAL_NOT_REACHED_WITHIN_BUDGET,2.999999999999869,23.7301249000011,0.12160720000974834,23.85173210001085,18782,560,19342,4,3,True,True,True,True,96101ed459e8fb6f9b893c61d61c0db5a296c805804342b70830b9069e9d31b1,21e2b1d5ae300ac3428d9079dbf0fbcc9aac289ff149ccdecbab8ed4af11fef3
luna_20260928_four_hand,A,robotiq_2f85,48,SKILL_AGENT,FAILURE,GOAL_NOT_REACHED_WITHIN_BUDGET,2.999999999999869,7.500436100177467,0.12142679991666228,7.621862900094129,8005,94,8099,2,1,True,True,True,True,96101ed459e8fb6f9b893c61d61c0db5a296c805804342b70830b9069e9d31b1,21e2b1d5ae300ac3428d9079dbf0fbcc9aac289ff149ccdecbab8ed4af11fef3
luna_20260928_four_hand,A,robotiq_2f85,49,DIRECT_AGENT,FAILURE,GOAL_NOT_REACHED_WITHIN_BUDGET,2.999999999999869,27.711509800050408,0.13424009992741048,27.845749899977818,19864,1019,20883,4,3,True,True,True,True,79a70577d03eb0227a1a55ffc44f8bb711a4d5aaacb849fa59c6e376a0bf10a6,21e2b1d5ae300ac3428d9079dbf0fbcc9aac289ff149ccdecbab8ed4af11fef3
luna_20260928_four_hand,A,robotiq_2f85,49,SKILL_AGENT,FAILURE,GOAL_NOT_REACHED_WITHIN_BUDGET,2.999999999999869,14.435603499994613,0.007111600018106401,14.44271510001272,13169,445,13614,3,2,True,True,True,True,79a70577d03eb0227a1a55ffc44f8bb711a4d5aaacb849fa59c6e376a0bf10a6,21e2b1d5ae300ac3428d9079dbf0fbcc9aac289ff149ccdecbab8ed4af11fef3
luna_20260928_four_hand,A,robotiq_2f85,50,DIRECT_AGENT,FAILURE,GOAL_NOT_REACHED_WITHIN_BUDGET,2.999999999999869,29.376370999845676,0.11939010012429208,29.495761099969968,19311,830,20141,4,3,True,True,True,True,5c72d4b4dac7738ac2e3ea471708a88e2888b5303f4f9900cc31263bd4ebfdbd,21e2b1d5ae300ac3428d9079dbf0fbcc9aac289ff149ccdecbab8ed4af11fef3
luna_20260928_four_hand,A,robotiq_2f85,50,SKILL_AGENT,FAILURE,GOAL_NOT_REACHED_WITHIN_BUDGET,2.999999999999869,10.44967010000255,0.003437099978327751,10.453107199980877,7967,172,8139,2,1,True,True,True,True,5c72d4b4dac7738ac2e3ea471708a88e2888b5303f4f9900cc31263bd4ebfdbd,21e2b1d5ae300ac3428d9079dbf0fbcc9aac289ff149ccdecbab8ed4af11fef3
luna_20260928_four_hand,A,robotiq_2f85,51,DIRECT_AGENT,FAILURE,GOAL_NOT_REACHED_WITHIN_BUDGET,2.999999999999869,26.267081300145946,0.14154029986821115,26.408621600014158,18635,478,19113,4,3,True,True,True,True,5c72d4b4dac7738ac2e3ea471708a88e2888b5303f4f9900cc31263bd4ebfdbd,21e2b1d5ae300ac3428d9079dbf0fbcc9aac289ff149ccdecbab8ed4af11fef3
luna_20260928_four_hand,A,robotiq_2f85,51,SKILL_AGENT,FAILURE,GOAL_NOT_REACHED_WITHIN_BUDGET,2.999999999999869,11.10912930010818,0.0034033999545499682,11.11253270006273,7985,309,8294,2,1,True,True,True,True,5c72d4b4dac7738ac2e3ea471708a88e2888b5303f4f9900cc31263bd4ebfdbd,21e2b1d5ae300ac3428d9079dbf0fbcc9aac289ff149ccdecbab8ed4af11fef3
luna_20260928_four_hand,A,robotiq_2f85,52,DIRECT_AGENT,FAILURE,GOAL_NOT_REACHED_WITHIN_BUDGET,2.999999999999869,30.824606199981645,0.1423626000760123,30.966968800057657,25199,693,25892,5,4,True,True,True,True,5c72d4b4dac7738ac2e3ea471708a88e2888b5303f4f9900cc31263bd4ebfdbd,21e2b1d5ae300ac3428d9079dbf0fbcc9aac289ff149ccdecbab8ed4af11fef3
luna_20260928_four_hand,A,robotiq_2f85,52,SKILL_AGENT,FAILURE,GOAL_NOT_REACHED_WITHIN_BUDGET,2.999999999999869,8.553589299903251,0.12468210002407432,8.678271399927326,8094,194,8288,2,1,True,True,True,True,5c72d4b4dac7738ac2e3ea471708a88e2888b5303f4f9900cc31263bd4ebfdbd,21e2b1d5ae300ac3428d9079dbf0fbcc9aac289ff149ccdecbab8ed4af11fef3
luna_20260928_four_hand,A,robotiq_2f85,53,DIRECT_AGENT,FAILURE,GOAL_NOT_REACHED_WITHIN_BUDGET,2.999999999999869,43.904194300295785,0.12885419966187328,44.03304849995766,40759,1147,41906,7,6,True,True,True,True,bb36485e945d9c5be26c522486174e90153768000347033c386c3914c5de299e,21e2b1d5ae300ac3428d9079dbf0fbcc9aac289ff149ccdecbab8ed4af11fef3
luna_20260928_four_hand,A,robotiq_2f85,53,SKILL_AGENT,FAILURE,GOAL_NOT_REACHED_WITHIN_BUDGET,2.999999999999869,17.181173000019044,0.004359399899840355,17.185532399918884,7995,424,8419,2,1,True,True,True,True,bb36485e945d9c5be26c522486174e90153768000347033c386c3914c5de299e,21e2b1d5ae300ac3428d9079dbf0fbcc9aac289ff149ccdecbab8ed4af11fef3
luna_20260928_four_hand,A,robotiq_2f85,54,DIRECT_AGENT,SUCCESS,,0.27800000000000025,13.266353599959984,0.01165900006890297,13.278012600028887,8071,227,8298,2,1,True,True,True,True,4b669f0b1c822a3230ef5d74df9cdb925e94d540b6aec16f7cd3e4a808a848b6,21e2b1d5ae300ac3428d9079dbf0fbcc9aac289ff149ccdecbab8ed4af11fef3
luna_20260928_four_hand,A,robotiq_2f85,54,SKILL_AGENT,SUCCESS,,0.28000000000000025,5.459435500088148,0.015009799972176552,5.474445300060324,7989,84,8073,2,1,True,True,True,True,4b669f0b1c822a3230ef5d74df9cdb925e94d540b6aec16f7cd3e4a808a848b6,21e2b1d5ae300ac3428d9079dbf0fbcc9aac289ff149ccdecbab8ed4af11fef3
luna_20260928_four_hand,A,robotiq_2f85,55,DIRECT_AGENT,FAILURE,GOAL_NOT_REACHED_WITHIN_BUDGET,2.999999999999869,29.1124897999689,0.12779549998231232,29.24028529995121,13470,674,14144,3,2,True,True,True,True,5c72d4b4dac7738ac2e3ea471708a88e2888b5303f4f9900cc31263bd4ebfdbd,21e2b1d5ae300ac3428d9079dbf0fbcc9aac289ff149ccdecbab8ed4af11fef3
luna_20260928_four_hand,A,robotiq_2f85,55,SKILL_AGENT,FAILURE,GOAL_NOT_REACHED_WITHIN_BUDGET,2.999999999999869,11.837077199947089,0.12049170001409948,11.957568899961188,13394,591,13985,3,2,True,True,True,True,5c72d4b4dac7738ac2e3ea471708a88e2888b5303f4f9900cc31263bd4ebfdbd,21e2b1d5ae300ac3428d9079dbf0fbcc9aac289ff149ccdecbab8ed4af11fef3
luna_20260928_four_hand,A,robotiq_2f85,56,DIRECT_AGENT,FAILURE,GOAL_NOT_REACHED_WITHIN_BUDGET,2.999999999999869,30.264640400069766,0.11738750000949949,30.382027900079265,19137,796,19933,4,3,True,True,True,True,e8fc71af221c9cc3d69ef6f512119d4fb4f14ab094d91e2014b610866c50539d,21e2b1d5ae300ac3428d9079dbf0fbcc9aac289ff149ccdecbab8ed4af11fef3
luna_20260928_four_hand,A,robotiq_2f85,56,SKILL_AGENT,FAILURE,GOAL_NOT_REACHED_WITHIN_BUDGET,2.999999999999869,16.697579399915412,0.003751700045540929,16.701331099960953,7999,431,8430,2,1,True,True,True,True,e8fc71af221c9cc3d69ef6f512119d4fb4f14ab094d91e2014b610866c50539d,21e2b1d5ae300ac3428d9079dbf0fbcc9aac289ff149ccdecbab8ed4af11fef3
luna_20260928_four_hand,A,robotiq_2f85,57,DIRECT_AGENT,FAILURE,GOAL_NOT_REACHED_WITHIN_BUDGET,2.999999999999869,36.56806640001014,0.12295019999146461,36.6910166000016,18953,668,19621,4,3,True,True,True,True,5c72d4b4dac7738ac2e3ea471708a88e2888b5303f4f9900cc31263bd4ebfdbd,21e2b1d5ae300ac3428d9079dbf0fbcc9aac289ff149ccdecbab8ed4af11fef3
luna_20260928_four_hand,A,robotiq_2f85,57,SKILL_AGENT,FAILURE,GOAL_NOT_REACHED_WITHIN_BUDGET,2.999999999999869,19.030342899961397,0.0036804000847041607,19.0340233000461,8148,814,8962,2,1,True,True,True,True,5c72d4b4dac7738ac2e3ea471708a88e2888b5303f4f9900cc31263bd4ebfdbd,21e2b1d5ae300ac3428d9079dbf0fbcc9aac289ff149ccdecbab8ed4af11fef3
luna_20260928_four_hand,A,robotiq_2f85,58,DIRECT_AGENT,FAILURE,GOAL_NOT_REACHED_WITHIN_BUDGET,2.999999999999869,43.3923257997958,0.12121040013153106,43.51353619992733,25348,797,26145,5,4,True,True,True,True,0b67af35fca3aa5617d432acc871187a6459d33387e0eb3643bc628000069749,21e2b1d5ae300ac3428d9079dbf0fbcc9aac289ff149ccdecbab8ed4af11fef3
luna_20260928_four_hand,A,robotiq_2f85,58,SKILL_AGENT,FAILURE,GOAL_NOT_REACHED_WITHIN_BUDGET,2.999999999999869,20.349154900060967,0.12508409994188696,20.474239000002854,13355,620,13975,3,2,True,True,True,True,0b67af35fca3aa5617d432acc871187a6459d33387e0eb3643bc628000069749,21e2b1d5ae300ac3428d9079dbf0fbcc9aac289ff149ccdecbab8ed4af11fef3
luna_20260928_four_hand,A,robotiq_2f85,59,DIRECT_AGENT,FAILURE,GOAL_NOT_REACHED_WITHIN_BUDGET,2.999999999999869,24.225743899936788,0.1262938000727445,24.352037700009532,25150,863,26013,5,3,True,True,True,True,5c72d4b4dac7738ac2e3ea471708a88e2888b5303f4f9900cc31263bd4ebfdbd,21e2b1d5ae300ac3428d9079dbf0fbcc9aac289ff149ccdecbab8ed4af11fef3
luna_20260928_four_hand,A,robotiq_2f85,59,SKILL_AGENT,FAILURE,GOAL_NOT_REACHED_WITHIN_BUDGET,2.999999999999869,20.222095999866724,0.1221232000971213,20.344219199963845,13253,567,13820,3,2,True,True,True,True,5c72d4b4dac7738ac2e3ea471708a88e2888b5303f4f9900cc31263bd4ebfdbd,21e2b1d5ae300ac3428d9079dbf0fbcc9aac289ff149ccdecbab8ed4af11fef3
luna_20260928_four_hand,A,robotiq_2f85,60,DIRECT_AGENT,FAILURE,GOAL_NOT_REACHED_WITHIN_BUDGET,2.999999999999869,45.63027870003134,0.14247459988109767,45.77275329991244,25882,914,26796,5,4,True,True,True,True,5c72d4b4dac7738ac2e3ea471708a88e2888b5303f4f9900cc31263bd4ebfdbd,21e2b1d5ae300ac3428d9079dbf0fbcc9aac289ff149ccdecbab8ed4af11fef3
luna_20260928_four_hand,A,robotiq_2f85,60,SKILL_AGENT,FAILURE,GOAL_NOT_REACHED_WITHIN_BUDGET,2.999999999999869,16.957065299968235,0.0033927999902516603,16.960458099958487,8012,493,8505,2,1,True,True,True,True,5c72d4b4dac7738ac2e3ea471708a88e2888b5303f4f9900cc31263bd4ebfdbd,21e2b1d5ae300ac3428d9079dbf0fbcc9aac289ff149ccdecbab8ed4af11fef3
luna_20260928_four_hand,A,robotiq_2f85,61,DIRECT_AGENT,FAILURE,GOAL_NOT_REACHED_WITHIN_BUDGET,2.999999999999869,27.54091880004853,0.06148179993033409,27.602400599978864,32439,1009,33448,6,5,True,True,True,True,5c72d4b4dac7738ac2e3ea471708a88e2888b5303f4f9900cc31263bd4ebfdbd,21e2b1d5ae300ac3428d9079dbf0fbcc9aac289ff149ccdecbab8ed4af11fef3
luna_20260928_four_hand,A,robotiq_2f85,61,SKILL_AGENT,FAILURE,GOAL_NOT_REACHED_WITHIN_BUDGET,2.999999999999869,20.00143780000508,0.12233679997734725,20.123774599982426,13266,527,13793,3,2,True,True,True,True,5c72d4b4dac7738ac2e3ea471708a88e2888b5303f4f9900cc31263bd4ebfdbd,21e2b1d5ae300ac3428d9079dbf0fbcc9aac289ff149ccdecbab8ed4af11fef3
luna_20260928_four_hand,A,robotiq_2f85,62,DIRECT_AGENT,FAILURE,GOAL_NOT_REACHED_WITHIN_BUDGET,2.999999999999869,21.984451500000432,0.13177440001163632,22.11622590001207,19141,708,19849,4,3,True,True,True,True,c67cd21fba8e5cf947607c6b211aa74c357e98f193ab94a867d073489766be20,21e2b1d5ae300ac3428d9079dbf0fbcc9aac289ff149ccdecbab8ed4af11fef3
luna_20260928_four_hand,A,robotiq_2f85,62,SKILL_AGENT,FAILURE,GOAL_NOT_REACHED_WITHIN_BUDGET,2.999999999999869,11.230027599958703,0.0036856000078842044,11.233713199966587,7988,396,8384,2,1,True,True,True,True,c67cd21fba8e5cf947607c6b211aa74c357e98f193ab94a867d073489766be20,21e2b1d5ae300ac3428d9079dbf0fbcc9aac289ff149ccdecbab8ed4af11fef3
luna_20260928_four_hand,A,robotiq_2f85,63,DIRECT_AGENT,FAILURE,GOAL_NOT_REACHED_WITHIN_BUDGET,2.999999999999869,34.96546189987566,0.133993900148198,35.09945580002386,19433,815,20248,4,3,True,True,True,True,5c72d4b4dac7738ac2e3ea471708a88e2888b5303f4f9900cc31263bd4ebfdbd,21e2b1d5ae300ac3428d9079dbf0fbcc9aac289ff149ccdecbab8ed4af11fef3
luna_20260928_four_hand,A,robotiq_2f85,63,SKILL_AGENT,FAILURE,GOAL_NOT_REACHED_WITHIN_BUDGET,2.999999999999869,14.346289200126193,0.1255175998667255,14.471806799992919,13121,379,13500,3,2,True,True,True,True,5c72d4b4dac7738ac2e3ea471708a88e2888b5303f4f9900cc31263bd4ebfdbd,21e2b1d5ae300ac3428d9079dbf0fbcc9aac289ff149ccdecbab8ed4af11fef3
luna_20260928_four_hand,A,robotiq_2f85,64,DIRECT_AGENT,FAILURE,GOAL_NOT_REACHED_WITHIN_BUDGET,2.999999999999869,39.580960700055584,0.14438529987819493,39.72534599993378,25832,936,26768,5,4,True,True,True,True,5c72d4b4dac7738ac2e3ea471708a88e2888b5303f4f9900cc31263bd4ebfdbd,21e2b1d5ae300ac3428d9079dbf0fbcc9aac289ff149ccdecbab8ed4af11fef3
luna_20260928_four_hand,A,robotiq_2f85,64,SKILL_AGENT,FAILURE,GOAL_NOT_REACHED_WITHIN_BUDGET,2.999999999999869,10.675773599999957,0.0035738999722525477,10.67934749997221,8055,298,8353,2,1,True,True,True,True,5c72d4b4dac7738ac2e3ea471708a88e2888b5303f4f9900cc31263bd4ebfdbd,21e2b1d5ae300ac3428d9079dbf0fbcc9aac289ff149ccdecbab8ed4af11fef3
luna_20260928_four_hand,A,robotiq_2f85,65,DIRECT_AGENT,FAILURE,GOAL_NOT_REACHED_WITHIN_BUDGET,2.999999999999869,33.97253889986314,0.15509770007338375,34.12763659993652,26200,1085,27285,5,4,True,True,True,True,5c72d4b4dac7738ac2e3ea471708a88e2888b5303f4f9900cc31263bd4ebfdbd,21e2b1d5ae300ac3428d9079dbf0fbcc9aac289ff149ccdecbab8ed4af11fef3
luna_20260928_four_hand,A,robotiq_2f85,65,SKILL_AGENT,FAILURE,GOAL_NOT_REACHED_WITHIN_BUDGET,2.999999999999869,19.880696200067177,0.003484099986962974,19.88418030005414,8051,668,8719,2,1,True,True,True,True,5c72d4b4dac7738ac2e3ea471708a88e2888b5303f4f9900cc31263bd4ebfdbd,21e2b1d5ae300ac3428d9079dbf0fbcc9aac289ff149ccdecbab8ed4af11fef3
luna_20260928_four_hand,A,robotiq_2f85,66,DIRECT_AGENT,FAILURE,GOAL_NOT_REACHED_WITHIN_BUDGET,2.999999999999869,43.98360929999035,0.138346099993214,44.12195539998356,24925,874,25799,5,3,True,True,True,True,5c72d4b4dac7738ac2e3ea471708a88e2888b5303f4f9900cc31263bd4ebfdbd,21e2b1d5ae300ac3428d9079dbf0fbcc9aac289ff149ccdecbab8ed4af11fef3
luna_20260928_four_hand,A,robotiq_2f85,66,SKILL_AGENT,FAILURE,GOAL_NOT_REACHED_WITHIN_BUDGET,2.999999999999869,11.348209300078452,0.004415399977006018,11.352624700055458,8083,401,8484,2,1,True,True,True,True,5c72d4b4dac7738ac2e3ea471708a88e2888b5303f4f9900cc31263bd4ebfdbd,21e2b1d5ae300ac3428d9079dbf0fbcc9aac289ff149ccdecbab8ed4af11fef3
luna_20260928_four_hand,A,robotiq_2f85,67,DIRECT_AGENT,FAILURE,GOAL_NOT_REACHED_WITHIN_BUDGET,2.999999999999869,48.00844350014813,0.12479979987256229,48.133243300020695,39717,1086,40803,7,5,True,True,True,True,5c72d4b4dac7738ac2e3ea471708a88e2888b5303f4f9900cc31263bd4ebfdbd,21e2b1d5ae300ac3428d9079dbf0fbcc9aac289ff149ccdecbab8ed4af11fef3
luna_20260928_four_hand,A,robotiq_2f85,67,SKILL_AGENT,FAILURE,GOAL_NOT_REACHED_WITHIN_BUDGET,2.999999999999869,16.000635500065982,0.004268100019544363,16.004903600085527,7975,556,8531,2,1,True,True,True,True,5c72d4b4dac7738ac2e3ea471708a88e2888b5303f4f9900cc31263bd4ebfdbd,21e2b1d5ae300ac3428d9079dbf0fbcc9aac289ff149ccdecbab8ed4af11fef3
luna_20260928_four_hand,A,robotiq_2f85,68,DIRECT_AGENT,FAILURE,GOAL_NOT_REACHED_WITHIN_BUDGET,2.999999999999869,31.95305999997072,0.12236979999579489,32.075429799966514,18850,730,19580,4,3,True,True,True,True,50ebac96424ae990c867307e0dfd91c6651f4cf818f45ac479c496fb28cad9cb,21e2b1d5ae300ac3428d9079dbf0fbcc9aac289ff149ccdecbab8ed4af11fef3
luna_20260928_four_hand,A,robotiq_2f85,68,SKILL_AGENT,FAILURE,GOAL_NOT_REACHED_WITHIN_BUDGET,2.999999999999869,14.377120199962519,0.0035526000428944826,14.380672800005414,12883,420,13303,3,1,True,True,True,True,50ebac96424ae990c867307e0dfd91c6651f4cf818f45ac479c496fb28cad9cb,21e2b1d5ae300ac3428d9079dbf0fbcc9aac289ff149ccdecbab8ed4af11fef3
luna_20260928_four_hand,A,robotiq_2f85,69,DIRECT_AGENT,FAILURE,GOAL_NOT_REACHED_WITHIN_BUDGET,2.999999999999869,25.37442409992218,0.12402930005919188,25.498453399981372,25260,898,26158,5,4,True,True,True,True,5c72d4b4dac7738ac2e3ea471708a88e2888b5303f4f9900cc31263bd4ebfdbd,21e2b1d5ae300ac3428d9079dbf0fbcc9aac289ff149ccdecbab8ed4af11fef3
luna_20260928_four_hand,A,robotiq_2f85,69,SKILL_AGENT,FAILURE,GOAL_NOT_REACHED_WITHIN_BUDGET,2.999999999999869,10.408666100003757,0.12452559999655932,10.533191700000316,8163,265,8428,2,1,True,True,True,True,5c72d4b4dac7738ac2e3ea471708a88e2888b5303f4f9900cc31263bd4ebfdbd,21e2b1d5ae300ac3428d9079dbf0fbcc9aac289ff149ccdecbab8ed4af11fef3
luna_20260928_four_hand,A,robotiq_2f85,70,DIRECT_AGENT,FAILURE,GOAL_NOT_REACHED_WITHIN_BUDGET,2.999999999999869,29.172744099865668,0.1327122001675889,29.305456300033256,18914,656,19570,4,3,True,True,True,True,3d0409e0a63c7bb640d3db7947a98fb10d4d31ec72919b08d49fb9323599ab5b,21e2b1d5ae300ac3428d9079dbf0fbcc9aac289ff149ccdecbab8ed4af11fef3
luna_20260928_four_hand,A,robotiq_2f85,70,SKILL_AGENT,FAILURE,GOAL_NOT_REACHED_WITHIN_BUDGET,2.999999999999869,13.411900900071487,0.0034510999685153365,13.415352000040002,7991,416,8407,2,1,True,True,True,True,3d0409e0a63c7bb640d3db7947a98fb10d4d31ec72919b08d49fb9323599ab5b,21e2b1d5ae300ac3428d9079dbf0fbcc9aac289ff149ccdecbab8ed4af11fef3
luna_20260928_four_hand,A,robotiq_2f85,71,DIRECT_AGENT,FAILURE,GOAL_NOT_REACHED_WITHIN_BUDGET,2.999999999999869,23.646331299794838,0.13756220019422472,23.783893499989063,19652,881,20533,4,3,True,True,True,True,69b77a3daf857ab7e8cb17b92292e7c27fcfdb5b654ff6dec326659b56c4ba92,21e2b1d5ae300ac3428d9079dbf0fbcc9aac289ff149ccdecbab8ed4af11fef3
luna_20260928_four_hand,A,robotiq_2f85,71,SKILL_AGENT,FAILURE,GOAL_NOT_REACHED_WITHIN_BUDGET,2.999999999999869,9.695244899950922,0.0033527000341564417,9.698597599985078,7993,270,8263,2,1,True,True,True,True,69b77a3daf857ab7e8cb17b92292e7c27fcfdb5b654ff6dec326659b56c4ba92,21e2b1d5ae300ac3428d9079dbf0fbcc9aac289ff149ccdecbab8ed4af11fef3
luna_20260928_four_hand,A,robotiq_2f85,72,DIRECT_AGENT,FAILURE,GOAL_NOT_REACHED_WITHIN_BUDGET,2.999999999999869,30.310331799904816,0.1376525000669062,30.447984299971722,13785,843,14628,3,2,True,True,True,True,5c72d4b4dac7738ac2e3ea471708a88e2888b5303f4f9900cc31263bd4ebfdbd,21e2b1d5ae300ac3428d9079dbf0fbcc9aac289ff149ccdecbab8ed4af11fef3
luna_20260928_four_hand,A,robotiq_2f85,72,SKILL_AGENT,FAILURE,GOAL_NOT_REACHED_WITHIN_BUDGET,2.999999999999869,11.147445300011896,0.0036219999892637134,11.15106730000116,7978,262,8240,2,1,True,True,True,True,5c72d4b4dac7738ac2e3ea471708a88e2888b5303f4f9900cc31263bd4ebfdbd,21e2b1d5ae300ac3428d9079dbf0fbcc9aac289ff149ccdecbab8ed4af11fef3
luna_20260928_four_hand,A,robotiq_2f85,73,DIRECT_AGENT,FAILURE,GOAL_NOT_REACHED_WITHIN_BUDGET,2.999999999999869,40.416155000100844,0.14348399988375604,40.5596389999846,25318,856,26174,5,4,True,True,True,True,ff573edd32be0b5c2de1923d8cdbf22b34dd0d93d2c62130a42b80b496ef3b6b,21e2b1d5ae300ac3428d9079dbf0fbcc9aac289ff149ccdecbab8ed4af11fef3
luna_20260928_four_hand,A,robotiq_2f85,73,SKILL_AGENT,FAILURE,GOAL_NOT_REACHED_WITHIN_BUDGET,2.999999999999869,7.751443900051527,0.11691930005326867,7.868363200104795,8005,93,8098,2,1,True,True,True,True,ff573edd32be0b5c2de1923d8cdbf22b34dd0d93d2c62130a42b80b496ef3b6b,21e2b1d5ae300ac3428d9079dbf0fbcc9aac289ff149ccdecbab8ed4af11fef3
luna_20260928_four_hand,A,robotiq_2f85,74,DIRECT_AGENT,FAILURE,GOAL_NOT_REACHED_WITHIN_BUDGET,2.999999999999869,35.08009829989169,0.13401210005395114,35.21411039994564,19398,911,20309,4,3,True,True,True,True,a4aa7a9de0857bb3c987f1d1e796139d071d657a5155e654febd671a8cf64c41,21e2b1d5ae300ac3428d9079dbf0fbcc9aac289ff149ccdecbab8ed4af11fef3
luna_20260928_four_hand,A,robotiq_2f85,74,SKILL_AGENT,FAILURE,GOAL_NOT_REACHED_WITHIN_BUDGET,2.999999999999869,21.082881499896757,0.003443900030106306,21.086325399926864,7997,497,8494,2,1,True,True,True,True,a4aa7a9de0857bb3c987f1d1e796139d071d657a5155e654febd671a8cf64c41,21e2b1d5ae300ac3428d9079dbf0fbcc9aac289ff149ccdecbab8ed4af11fef3
luna_20260928_four_hand,A,robotiq_2f85,75,DIRECT_AGENT,FAILURE,GOAL_NOT_REACHED_WITHIN_BUDGET,2.999999999999869,21.284423600067385,0.13025249994825572,21.41467610001564,18768,621,19389,4,3,True,True,True,True,0d3e5152534ae6497b8a06f50fd636ddd04eaace1a96612ebf55302f07a55358,21e2b1d5ae300ac3428d9079dbf0fbcc9aac289ff149ccdecbab8ed4af11fef3
luna_20260928_four_hand,A,robotiq_2f85,75,SKILL_AGENT,FAILURE,GOAL_NOT_REACHED_WITHIN_BUDGET,2.999999999999869,36.1358744999161,0.12664320005569607,36.262517699971795,19395,788,20183,4,3,True,True,True,True,0d3e5152534ae6497b8a06f50fd636ddd04eaace1a96612ebf55302f07a55358,21e2b1d5ae300ac3428d9079dbf0fbcc9aac289ff149ccdecbab8ed4af11fef3
luna_20260928_four_hand,A,robotiq_2f85,76,DIRECT_AGENT,FAILURE,GOAL_NOT_REACHED_WITHIN_BUDGET,2.999999999999869,51.30569229996763,0.12842860003001988,51.43412089999765,25856,928,26784,5,3,True,True,True,True,5c72d4b4dac7738ac2e3ea471708a88e2888b5303f4f9900cc31263bd4ebfdbd,21e2b1d5ae300ac3428d9079dbf0fbcc9aac289ff149ccdecbab8ed4af11fef3
luna_20260928_four_hand,A,robotiq_2f85,76,SKILL_AGENT,FAILURE,GOAL_NOT_REACHED_WITHIN_BUDGET,2.999999999999869,14.891735600074753,0.0034368999768048525,14.895172500051558,8145,560,8705,2,1,True,True,True,True,5c72d4b4dac7738ac2e3ea471708a88e2888b5303f4f9900cc31263bd4ebfdbd,21e2b1d5ae300ac3428d9079dbf0fbcc9aac289ff149ccdecbab8ed4af11fef3
luna_20260928_four_hand,A,robotiq_2f85,77,DIRECT_AGENT,FAILURE,GOAL_NOT_REACHED_WITHIN_BUDGET,2.999999999999869,33.04368460003752,0.1279440000653267,33.17162860010285,19246,868,20114,4,3,True,True,True,True,5c72d4b4dac7738ac2e3ea471708a88e2888b5303f4f9900cc31263bd4ebfdbd,21e2b1d5ae300ac3428d9079dbf0fbcc9aac289ff149ccdecbab8ed4af11fef3
luna_20260928_four_hand,A,robotiq_2f85,77,SKILL_AGENT,FAILURE,GOAL_NOT_REACHED_WITHIN_BUDGET,2.999999999999869,28.490560700185597,0.0035036999033764005,28.494064400088973,7981,626,8607,2,1,True,True,True,True,5c72d4b4dac7738ac2e3ea471708a88e2888b5303f4f9900cc31263bd4ebfdbd,21e2b1d5ae300ac3428d9079dbf0fbcc9aac289ff149ccdecbab8ed4af11fef3
luna_20260928_four_hand,A,robotiq_2f85,78,DIRECT_AGENT,FAILURE,GOAL_NOT_REACHED_WITHIN_BUDGET,2.999999999999869,31.98891200008802,0.1259842999279499,32.11489630001597,25306,843,26149,5,4,True,True,True,True,6c69522a43767bd2147dc514b9db996b3e0c2ac8bf169fe6fd19730f8015e082,21e2b1d5ae300ac3428d9079dbf0fbcc9aac289ff149ccdecbab8ed4af11fef3
luna_20260928_four_hand,A,robotiq_2f85,78,SKILL_AGENT,FAILURE,GOAL_NOT_REACHED_WITHIN_BUDGET,2.999999999999869,18.25650839996524,0.12150250002741814,18.37801089999266,13446,675,14121,3,2,True,True,True,True,6c69522a43767bd2147dc514b9db996b3e0c2ac8bf169fe6fd19730f8015e082,21e2b1d5ae300ac3428d9079dbf0fbcc9aac289ff149ccdecbab8ed4af11fef3
luna_20260928_four_hand,A,robotiq_2f85,79,DIRECT_AGENT,FAILURE,GOAL_NOT_REACHED_WITHIN_BUDGET,2.999999999999869,21.199726899852976,0.12509740015957505,21.32482430001255,19032,662,19694,4,3,True,True,True,True,5c72d4b4dac7738ac2e3ea471708a88e2888b5303f4f9900cc31263bd4ebfdbd,21e2b1d5ae300ac3428d9079dbf0fbcc9aac289ff149ccdecbab8ed4af11fef3
luna_20260928_four_hand,A,robotiq_2f85,79,SKILL_AGENT,FAILURE,GOAL_NOT_REACHED_WITHIN_BUDGET,2.999999999999869,31.872106299968436,0.003853700007312,31.87595999997575,8018,656,8674,2,1,True,True,True,True,5c72d4b4dac7738ac2e3ea471708a88e2888b5303f4f9900cc31263bd4ebfdbd,21e2b1d5ae300ac3428d9079dbf0fbcc9aac289ff149ccdecbab8ed4af11fef3
luna_20260928_four_hand,A,robotiq_2f85,80,DIRECT_AGENT,FAILURE,GOAL_NOT_REACHED_WITHIN_BUDGET,2.999999999999869,21.556093799998052,0.1269544999813661,21.68304829997942,18923,677,19600,4,3,True,True,True,True,d3e73521d24b6b946b1c6eb699680991fd7148d51140ac9ffd4621a8d1b21294,21e2b1d5ae300ac3428d9079dbf0fbcc9aac289ff149ccdecbab8ed4af11fef3
luna_20260928_four_hand,A,robotiq_2f85,80,SKILL_AGENT,FAILURE,GOAL_NOT_REACHED_WITHIN_BUDGET,2.999999999999869,31.98120939999353,0.004204500000923872,31.985413899994455,8022,707,8729,2,1,True,True,True,True,d3e73521d24b6b946b1c6eb699680991fd7148d51140ac9ffd4621a8d1b21294,21e2b1d5ae300ac3428d9079dbf0fbcc9aac289ff149ccdecbab8ed4af11fef3
luna_20260928_four_hand,A,robotiq_2f85,81,DIRECT_AGENT,FAILURE,GOAL_NOT_REACHED_WITHIN_BUDGET,2.999999999999869,21.355553100002,0.11767249996773899,21.473225599969737,13754,723,14477,3,2,True,True,True,True,5c72d4b4dac7738ac2e3ea471708a88e2888b5303f4f9900cc31263bd4ebfdbd,21e2b1d5ae300ac3428d9079dbf0fbcc9aac289ff149ccdecbab8ed4af11fef3
luna_20260928_four_hand,A,robotiq_2f85,81,SKILL_AGENT,FAILURE,GOAL_NOT_REACHED_WITHIN_BUDGET,2.999999999999869,16.797017199918628,0.003415800048969686,16.800432999967597,8053,429,8482,2,1,True,True,True,True,5c72d4b4dac7738ac2e3ea471708a88e2888b5303f4f9900cc31263bd4ebfdbd,21e2b1d5ae300ac3428d9079dbf0fbcc9aac289ff149ccdecbab8ed4af11fef3
luna_20260928_four_hand,A,robotiq_2f85,82,DIRECT_AGENT,FAILURE,GOAL_NOT_REACHED_WITHIN_BUDGET,2.999999999999869,21.952455499907956,0.12788350007031113,22.080338999978267,19433,850,20283,4,3,True,True,True,True,0a4ab829c92d715954429c8d7c3dbc840d81dc0c32c7946f21bf1943cbc6689b,21e2b1d5ae300ac3428d9079dbf0fbcc9aac289ff149ccdecbab8ed4af11fef3
luna_20260928_four_hand,A,robotiq_2f85,82,SKILL_AGENT,FAILURE,GOAL_NOT_REACHED_WITHIN_BUDGET,2.999999999999869,18.301543699926697,0.0034518000902608037,18.304995500016958,7993,475,8468,2,1,True,True,True,True,0a4ab829c92d715954429c8d7c3dbc840d81dc0c32c7946f21bf1943cbc6689b,21e2b1d5ae300ac3428d9079dbf0fbcc9aac289ff149ccdecbab8ed4af11fef3
luna_20260928_four_hand,A,robotiq_2f85,83,DIRECT_AGENT,FAILURE,GOAL_NOT_REACHED_WITHIN_BUDGET,2.999999999999869,29.31342339992989,0.1274163001216948,29.440839700051583,26064,962,27026,5,4,True,True,True,True,5c72d4b4dac7738ac2e3ea471708a88e2888b5303f4f9900cc31263bd4ebfdbd,21e2b1d5ae300ac3428d9079dbf0fbcc9aac289ff149ccdecbab8ed4af11fef3
luna_20260928_four_hand,A,robotiq_2f85,83,SKILL_AGENT,FAILURE,GOAL_NOT_REACHED_WITHIN_BUDGET,2.999999999999869,11.396415199968033,0.0034620000515133142,11.399877200019546,7971,236,8207,2,1,True,True,True,True,5c72d4b4dac7738ac2e3ea471708a88e2888b5303f4f9900cc31263bd4ebfdbd,21e2b1d5ae300ac3428d9079dbf0fbcc9aac289ff149ccdecbab8ed4af11fef3
luna_20260928_four_hand,A,robotiq_2f85,84,DIRECT_AGENT,FAILURE,GOAL_NOT_REACHED_WITHIN_BUDGET,2.999999999999869,24.993179599754512,0.13394810014870018,25.127127699903212,13587,732,14319,3,2,True,True,True,True,5c72d4b4dac7738ac2e3ea471708a88e2888b5303f4f9900cc31263bd4ebfdbd,21e2b1d5ae300ac3428d9079dbf0fbcc9aac289ff149ccdecbab8ed4af11fef3
luna_20260928_four_hand,A,robotiq_2f85,84,SKILL_AGENT,FAILURE,GOAL_NOT_REACHED_WITHIN_BUDGET,2.999999999999869,9.603703699889593,0.0034307000460103154,9.607134399935603,7967,188,8155,2,1,True,True,True,True,5c72d4b4dac7738ac2e3ea471708a88e2888b5303f4f9900cc31263bd4ebfdbd,21e2b1d5ae300ac3428d9079dbf0fbcc9aac289ff149ccdecbab8ed4af11fef3
luna_20260928_four_hand,A,robotiq_2f85,85,DIRECT_AGENT,FAILURE,GOAL_NOT_REACHED_WITHIN_BUDGET,2.999999999999869,39.47311030002311,0.12613220000639558,39.599242500029504,33107,1121,34228,6,5,True,True,True,True,5c72d4b4dac7738ac2e3ea471708a88e2888b5303f4f9900cc31263bd4ebfdbd,21e2b1d5ae300ac3428d9079dbf0fbcc9aac289ff149ccdecbab8ed4af11fef3
luna_20260928_four_hand,A,robotiq_2f85,85,SKILL_AGENT,FAILURE,GOAL_NOT_REACHED_WITHIN_BUDGET,2.999999999999869,12.727993299951777,0.0043048999505117536,12.732298199902289,8021,377,8398,2,1,True,True,True,True,5c72d4b4dac7738ac2e3ea471708a88e2888b5303f4f9900cc31263bd4ebfdbd,21e2b1d5ae300ac3428d9079dbf0fbcc9aac289ff149ccdecbab8ed4af11fef3
luna_20260928_four_hand,A,robotiq_2f85,86,DIRECT_AGENT,FAILURE,GOAL_NOT_REACHED_WITHIN_BUDGET,2.999999999999869,21.659527100040577,0.11793479998596013,21.777461900026537,19208,725,19933,4,2,True,True,True,True,5c72d4b4dac7738ac2e3ea471708a88e2888b5303f4f9900cc31263bd4ebfdbd,21e2b1d5ae300ac3428d9079dbf0fbcc9aac289ff149ccdecbab8ed4af11fef3
luna_20260928_four_hand,A,robotiq_2f85,86,SKILL_AGENT,FAILURE,GOAL_NOT_REACHED_WITHIN_BUDGET,2.999999999999869,22.349299799883738,0.003506300039589405,22.352806099923328,7978,561,8539,2,1,True,True,True,True,5c72d4b4dac7738ac2e3ea471708a88e2888b5303f4f9900cc31263bd4ebfdbd,21e2b1d5ae300ac3428d9079dbf0fbcc9aac289ff149ccdecbab8ed4af11fef3
luna_20260928_four_hand,A,robotiq_2f85,87,DIRECT_AGENT,FAILURE,GOAL_NOT_REACHED_WITHIN_BUDGET,2.999999999999869,25.0748476999579,0.1354877999983728,25.210335499956273,25473,846,26319,5,4,True,True,True,True,668ce5caa596b7e0d6994daf8daac4c0ec22df8f587319f47278f30956003fb2,21e2b1d5ae300ac3428d9079dbf0fbcc9aac289ff149ccdecbab8ed4af11fef3
luna_20260928_four_hand,A,robotiq_2f85,87,SKILL_AGENT,FAILURE,GOAL_NOT_REACHED_WITHIN_BUDGET,2.999999999999869,10.613169700023718,0.0034950999543070793,10.616664799978025,7984,265,8249,2,1,True,True,True,True,668ce5caa596b7e0d6994daf8daac4c0ec22df8f587319f47278f30956003fb2,21e2b1d5ae300ac3428d9079dbf0fbcc9aac289ff149ccdecbab8ed4af11fef3
luna_20260928_four_hand,A,robotiq_2f85,88,DIRECT_AGENT,FAILURE,GOAL_NOT_REACHED_WITHIN_BUDGET,2.999999999999869,37.888832200085744,0.12210389995016158,38.010936100035906,32031,917,32948,6,5,True,True,True,True,5c72d4b4dac7738ac2e3ea471708a88e2888b5303f4f9900cc31263bd4ebfdbd,21e2b1d5ae300ac3428d9079dbf0fbcc9aac289ff149ccdecbab8ed4af11fef3
luna_20260928_four_hand,A,robotiq_2f85,88,SKILL_AGENT,FAILURE,GOAL_NOT_REACHED_WITHIN_BUDGET,2.999999999999869,35.152303200098686,0.13636030000634491,35.28866350010503,19486,964,20450,4,3,True,True,True,True,5c72d4b4dac7738ac2e3ea471708a88e2888b5303f4f9900cc31263bd4ebfdbd,21e2b1d5ae300ac3428d9079dbf0fbcc9aac289ff149ccdecbab8ed4af11fef3
luna_20260928_four_hand,A,robotiq_2f85,89,DIRECT_AGENT,FAILURE,GOAL_NOT_REACHED_WITHIN_BUDGET,2.999999999999869,34.59711440000683,0.1247816999675706,34.7218960999744,25523,768,26291,5,4,True,True,True,True,5c72d4b4dac7738ac2e3ea471708a88e2888b5303f4f9900cc31263bd4ebfdbd,21e2b1d5ae300ac3428d9079dbf0fbcc9aac289ff149ccdecbab8ed4af11fef3
luna_20260928_four_hand,A,robotiq_2f85,89,SKILL_AGENT,FAILURE,GOAL_NOT_REACHED_WITHIN_BUDGET,2.999999999999869,16.08892539993394,0.011061500059440732,16.099986899993382,8050,322,8372,2,1,True,True,True,True,5c72d4b4dac7738ac2e3ea471708a88e2888b5303f4f9900cc31263bd4ebfdbd,21e2b1d5ae300ac3428d9079dbf0fbcc9aac289ff149ccdecbab8ed4af11fef3
luna_20260928_four_hand,A,robotiq_2f85,90,DIRECT_AGENT,FAILURE,GOAL_NOT_REACHED_WITHIN_BUDGET,2.999999999999869,43.42493750003632,0.13907329994253814,43.56401079997886,33236,1144,34380,6,5,True,True,True,True,5c72d4b4dac7738ac2e3ea471708a88e2888b5303f4f9900cc31263bd4ebfdbd,21e2b1d5ae300ac3428d9079dbf0fbcc9aac289ff149ccdecbab8ed4af11fef3
luna_20260928_four_hand,A,robotiq_2f85,90,SKILL_AGENT,FAILURE,GOAL_NOT_REACHED_WITHIN_BUDGET,2.999999999999869,11.829021699959412,0.003877400071360171,11.832899100030772,7963,301,8264,2,1,True,True,True,True,5c72d4b4dac7738ac2e3ea471708a88e2888b5303f4f9900cc31263bd4ebfdbd,21e2b1d5ae300ac3428d9079dbf0fbcc9aac289ff149ccdecbab8ed4af11fef3
luna_20260928_four_hand,A,robotiq_2f85,91,DIRECT_AGENT,FAILURE,GOAL_NOT_REACHED_WITHIN_BUDGET,2.999999999999869,29.131828899960965,0.12378320004791021,29.255612100008875,25636,789,26425,5,4,True,True,True,True,5c72d4b4dac7738ac2e3ea471708a88e2888b5303f4f9900cc31263bd4ebfdbd,21e2b1d5ae300ac3428d9079dbf0fbcc9aac289ff149ccdecbab8ed4af11fef3
luna_20260928_four_hand,A,robotiq_2f85,91,SKILL_AGENT,FAILURE,GOAL_NOT_REACHED_WITHIN_BUDGET,2.999999999999869,13.17919339996297,0.011179300025105476,13.190372699988075,8047,307,8354,2,1,True,True,True,True,5c72d4b4dac7738ac2e3ea471708a88e2888b5303f4f9900cc31263bd4ebfdbd,21e2b1d5ae300ac3428d9079dbf0fbcc9aac289ff149ccdecbab8ed4af11fef3
luna_20260928_four_hand,A,robotiq_2f85,92,DIRECT_AGENT,FAILURE,GOAL_NOT_REACHED_WITHIN_BUDGET,2.999999999999869,35.444939400069416,0.12268099992070347,35.56762039999012,25786,935,26721,5,3,True,True,True,True,75ca74e45d5f9b8bc8d904dfaf4b66e7eea3d7162082cfaa94c82f05a3f1c266,21e2b1d5ae300ac3428d9079dbf0fbcc9aac289ff149ccdecbab8ed4af11fef3
luna_20260928_four_hand,A,robotiq_2f85,92,SKILL_AGENT,FAILURE,GOAL_NOT_REACHED_WITHIN_BUDGET,2.999999999999869,17.623698199982755,0.004195999936200678,17.627894199918956,7996,341,8337,2,1,True,True,True,True,75ca74e45d5f9b8bc8d904dfaf4b66e7eea3d7162082cfaa94c82f05a3f1c266,21e2b1d5ae300ac3428d9079dbf0fbcc9aac289ff149ccdecbab8ed4af11fef3
luna_20260928_four_hand,A,robotiq_2f85,93,DIRECT_AGENT,FAILURE,GOAL_NOT_REACHED_WITHIN_BUDGET,2.999999999999869,27.97213169990573,0.12723119999282062,28.09936289989855,13578,678,14256,3,2,True,True,True,True,adc93aec81d696bf34d31e58c511d5c2d99e5ba8069677347385f21ff0775fac,21e2b1d5ae300ac3428d9079dbf0fbcc9aac289ff149ccdecbab8ed4af11fef3
luna_20260928_four_hand,A,robotiq_2f85,93,SKILL_AGENT,FAILURE,GOAL_NOT_REACHED_WITHIN_BUDGET,2.999999999999869,17.644972800044343,0.00349949998781085,17.648472300032154,8068,473,8541,2,1,True,True,True,True,adc93aec81d696bf34d31e58c511d5c2d99e5ba8069677347385f21ff0775fac,21e2b1d5ae300ac3428d9079dbf0fbcc9aac289ff149ccdecbab8ed4af11fef3
luna_20260928_four_hand,A,robotiq_2f85,94,DIRECT_AGENT,FAILURE,GOAL_NOT_REACHED_WITHIN_BUDGET,2.999999999999869,27.933557799900882,0.12325980013702065,28.056817600037903,32743,936,33679,6,5,True,True,True,True,5c72d4b4dac7738ac2e3ea471708a88e2888b5303f4f9900cc31263bd4ebfdbd,21e2b1d5ae300ac3428d9079dbf0fbcc9aac289ff149ccdecbab8ed4af11fef3
luna_20260928_four_hand,A,robotiq_2f85,94,SKILL_AGENT,FAILURE,GOAL_NOT_REACHED_WITHIN_BUDGET,2.999999999999869,21.180806700023822,0.0034558000043034554,21.184262500028126,8046,753,8799,2,1,True,True,True,True,5c72d4b4dac7738ac2e3ea471708a88e2888b5303f4f9900cc31263bd4ebfdbd,21e2b1d5ae300ac3428d9079dbf0fbcc9aac289ff149ccdecbab8ed4af11fef3
luna_20260928_four_hand,A,robotiq_2f85,95,DIRECT_AGENT,FAILURE,GOAL_NOT_REACHED_WITHIN_BUDGET,2.999999999999869,28.280939600081183,0.12014010001439601,28.40107970009558,24854,746,25600,5,4,True,True,True,True,dfd36f3c3947254a36c0c30d1ff2f04a08742fd75a372d24f1094f0feb8025c9,21e2b1d5ae300ac3428d9079dbf0fbcc9aac289ff149ccdecbab8ed4af11fef3
luna_20260928_four_hand,A,robotiq_2f85,95,SKILL_AGENT,FAILURE,GOAL_NOT_REACHED_WITHIN_BUDGET,2.999999999999869,12.89636730006896,0.003688699915073812,12.900055999984033,7986,259,8245,2,1,True,True,True,True,dfd36f3c3947254a36c0c30d1ff2f04a08742fd75a372d24f1094f0feb8025c9,21e2b1d5ae300ac3428d9079dbf0fbcc9aac289ff149ccdecbab8ed4af11fef3
luna_20260928_four_hand,A,robotiq_2f85,96,DIRECT_AGENT,FAILURE,GOAL_NOT_REACHED_WITHIN_BUDGET,2.999999999999869,27.38636749982834,0.11550700012594461,27.501874499954283,18858,613,19471,4,3,True,True,True,True,90febff9643c7122744c49a3d934b8774989aa69ccd7d948b88b305cff2dfd67,21e2b1d5ae300ac3428d9079dbf0fbcc9aac289ff149ccdecbab8ed4af11fef3
luna_20260928_four_hand,A,robotiq_2f85,96,SKILL_AGENT,FAILURE,GOAL_NOT_REACHED_WITHIN_BUDGET,2.999999999999869,16.891286800033413,0.11890319990925491,17.010189999942668,13154,395,13549,3,2,True,True,True,True,90febff9643c7122744c49a3d934b8774989aa69ccd7d948b88b305cff2dfd67,21e2b1d5ae300ac3428d9079dbf0fbcc9aac289ff149ccdecbab8ed4af11fef3
luna_20260928_four_hand,A,robotiq_2f85,97,DIRECT_AGENT,FAILURE,GOAL_NOT_REACHED_WITHIN_BUDGET,2.999999999999869,35.0481966000516,0.12096430000383407,35.16916090005543,25452,841,26293,5,4,True,True,True,True,5c72d4b4dac7738ac2e3ea471708a88e2888b5303f4f9900cc31263bd4ebfdbd,21e2b1d5ae300ac3428d9079dbf0fbcc9aac289ff149ccdecbab8ed4af11fef3
luna_20260928_four_hand,A,robotiq_2f85,97,SKILL_AGENT,FAILURE,GOAL_NOT_REACHED_WITHIN_BUDGET,2.999999999999869,13.13409559999127,0.0035595999797806144,13.13765519997105,7968,194,8162,2,1,True,True,True,True,5c72d4b4dac7738ac2e3ea471708a88e2888b5303f4f9900cc31263bd4ebfdbd,21e2b1d5ae300ac3428d9079dbf0fbcc9aac289ff149ccdecbab8ed4af11fef3
luna_20260928_four_hand,A,robotiq_2f85,98,DIRECT_AGENT,FAILURE,GOAL_NOT_REACHED_WITHIN_BUDGET,2.999999999999869,24.40465319994837,0.1201610000571236,24.524814200005494,19222,716,19938,4,3,True,True,True,True,5c72d4b4dac7738ac2e3ea471708a88e2888b5303f4f9900cc31263bd4ebfdbd,21e2b1d5ae300ac3428d9079dbf0fbcc9aac289ff149ccdecbab8ed4af11fef3
luna_20260928_four_hand,A,robotiq_2f85,98,SKILL_AGENT,FAILURE,GOAL_NOT_REACHED_WITHIN_BUDGET,2.999999999999869,29.444106399896555,0.003551800036802888,29.447658199933358,12919,577,13496,3,1,True,True,True,True,5c72d4b4dac7738ac2e3ea471708a88e2888b5303f4f9900cc31263bd4ebfdbd,21e2b1d5ae300ac3428d9079dbf0fbcc9aac289ff149ccdecbab8ed4af11fef3
luna_20260928_four_hand,A,robotiq_2f85,99,DIRECT_AGENT,SUCCESS,,0.10000000000000006,9.287434500060044,0.004466999904252589,9.291901499964297,8070,189,8259,2,1,True,True,True,True,5c72d4b4dac7738ac2e3ea471708a88e2888b5303f4f9900cc31263bd4ebfdbd,21e2b1d5ae300ac3428d9079dbf0fbcc9aac289ff149ccdecbab8ed4af11fef3
luna_20260928_four_hand,A,robotiq_2f85,99,SKILL_AGENT,SUCCESS,,0.10000000000000006,9.791126399999484,0.0077164999675005674,9.798842899966985,7974,82,8056,2,1,True,True,True,True,5c72d4b4dac7738ac2e3ea471708a88e2888b5303f4f9900cc31263bd4ebfdbd,21e2b1d5ae300ac3428d9079dbf0fbcc9aac289ff149ccdecbab8ed4af11fef3
